Sales Channel,Sales Date,External SKU,UPC/EAN,TitleID,Title,Units,HAP/Sales Price,HAP/Sales Price Total,Extended Price %,Extended Price per Unit,Extended Price Total,Cost per Unit,Cost Total,Publisher Compensation per Unit,Publisher Compensation Total
Amazon UK Retail,29/12/2014,TVSDVD0836,8.79061E+11,221248,Growing Good Roses,1,11.99,11.99,50%,5.99,5.99,0,0,5.99,5.99
Amazon UK Retail,28/12/2014,BSPDVD306,8.79061E+11,221377,"Weekend Explorer  Cape Cod, Massachusetts",1,8.99,8.99,50%,4.49,4.49,0,0,4.49,4.49
Amazon UK Retail,13/12/2014,BNTDVDFTF01,5.03271E+11,221485,The North Yorkshire Moors Railway From The Footplate [PAL],1,9.99,9.99,50%,4.99,4.99,0,0,4.99,4.99
Amazon UK Retail,18/12/2014,ITFDVD112,8.83629E+11,228845,A Doug Jones Travelog The Great Canadian Train Ride,1,11.99,11.99,50%,5.99,5.99,0,0,5.99,5.99
Amazon UK Retail,8/12/2014,7DYDVD152,8.83629E+11,236265,7 Days  CALIFORNIA U.S.A.,1,11.99,11.99,50%,5.99,5.99,0,0,5.99,5.99
Amazon UK Retail,16/12/2014,7DYDVD126,8.83629E+11,236295,7 Days  NAMIBIA,1,11.99,11.99,50%,5.99,5.99,0,0,5.99,5.99
Amazon UK Retail,7/12/2014,7DYDVD114,8.83629E+11,236307,7 Days  SOUTH AFRICA,1,11.99,11.99,50%,5.99,5.99,0,0,5.99,5.99
Amazon UK Retail,1/12/2014,CDGDVD102,8.83629E+11,236364,Cosmos Global Documentaries  HADENDOA,1,11.99,11.99,50%,5.99,5.99,0,0,5.99,5.99
Amazon UK Retail,14/12/2014,CDGDVD141,8.83629E+11,236371,"Cosmos Global Documentaries  MEKONG The Three Ancient Kingdoms Of Cambodia, Thailand & Vietnam",1,11.99,11.99,50%,5.99,5.99,0,0,5.99,5.99
Amazon UK Retail,1/12/2014,CDGDVD143,8.83629E+11,236397,Cosmos Global Documentaries IN THE LAND OF THE RISING DRAGON Vietnam,1,11.99,11.99,50%,5.99,5.99,0,0,5.99,5.99
Amazon UK Retail,16/12/2014,GAPDVD017470,8.83629E+11,236406,Didyma [PAL],1,11.99,11.99,50%,5.99,5.99,0,0,5.99,5.99
Amazon UK Retail,29/12/2014,GOWDVD119,8.83629E+11,236464,Gardens of the World  JARDIN ANDALUZ,1,11.99,11.99,50%,5.99,5.99,0,0,5.99,5.99
Amazon UK Retail,29/12/2014,GOWDVD104,8.83629E+11,236470,Gardens of the World  THE EXOTIC GARDENS OF CORNWALL,1,11.99,11.99,50%,5.99,5.99,0,0,5.99,5.99
Amazon UK Retail,11/12/2014,GOWDVD106,8.83629E+11,236471,Gardens of the World  THE NATIONAL BOTANICAL GARDEN OF BRUSSELS,1,11.99,11.99,50%,5.99,5.99,0,0,5.99,5.99
Amazon UK Retail,9/12/2014,GTRDVD1080,8.83629E+11,236477,Global Treasures  ABU SIMBEL Egypt,1,8.99,8.99,50%,4.49,4.49,0,0,4.49,4.49
Amazon UK Retail,8/12/2014,GTRDVD1149,8.83629E+11,236490,Global Treasures  ANGKOR WAT Cambodia,1,8.99,8.99,50%,4.49,4.49,0,0,4.49,4.49
Amazon UK Retail,1/12/2014,GTRDVD1109,8.83629E+11,236593,Global Treasures  LAKE TITICACA Lago Titicaca Peru,1,8.99,8.99,50%,4.49,4.49,0,0,4.49,4.49
Amazon UK Retail,8/12/2014,NPMDVD130,8.83629E+11,236795,Nature Parks  KNYSNA Garden Of Eden South Africa,1,11.99,11.99,50%,5.99,5.99,0,0,5.99,5.99
Amazon UK Retail,6/12/2014,NPMDVD112,8.83629E+11,236796,Nature Parks  KRUGER NATIONAL PARK South Africa,1,11.99,11.99,50%,5.99,5.99,0,0,5.99,5.99
Amazon UK Retail,4/12/2014,NPMDVD112,8.83629E+11,236796,Nature Parks  KRUGER NATIONAL PARK South Africa,1,11.99,11.99,50%,5.99,5.99,0,0,5.99,5.99
Amazon UK Retail,19/12/2014,NPMDVD107,8.83629E+11,236799,Nature Parks  MASSAI MARA Kenya,1,11.99,11.99,50%,5.99,5.99,0,0,5.99,5.99
Amazon UK Retail,16/12/2014,7154,8.83629E+11,236812,Nature Parks  SERENGETI & NGORONGORO Tanzania,1,11.99,11.99,50%,5.99,5.99,0,0,5.99,5.99
Amazon UK Retail,21/12/2014,NPMDVD128,8.83629E+11,236816,Nature Parks  YELLOWSTONE NATIONAL PARK Wyoming,1,11.99,11.99,50%,5.99,5.99,0,0,5.99,5.99
Amazon UK Retail,21/12/2014,11_20,8.83629E+11,236911,On Tour...  CANADIAN ROCKIES Highway Across Paradise,1,11.99,11.99,50%,5.99,5.99,0,0,5.99,5.99
Amazon UK Retail,14/12/2014,11_20,8.83629E+11,236929,On Tour...  MEKONG DELTA VIETNAM Exotic Asian Waterworld,1,11.99,11.99,50%,5.99,5.99,0,0,5.99,5.99
Amazon UK Retail,21/12/2014,11_20,8.83629E+11,236941,On Tour...  STRADA DELLE DOLOMITI The Majesty Of The Dolomites,1,11.99,11.99,50%,5.99,5.99,0,0,5.99,5.99
Amazon UK Retail,19/12/2014,BNTDVDFTF02,8.83629E+11,236992,The Keighley & Worth Valley Railway From The Footplate,1,9.99,9.99,50%,4.99,4.99,0,0,4.99,4.99
Amazon UK Retail,17/12/2014,9_24,8.83629E+11,237089,Vista Point  NEW YORK,1,11.99,11.99,50%,5.99,5.99,0,0,5.99,5.99
Amazon UK Retail,14/12/2014,BSPDVD312,8.83629E+11,237153,"Weekend Explorer  Borneo, Malaysia",1,8.99,8.99,50%,4.49,4.49,0,0,4.49,4.49
Amazon UK Retail,20/12/2014,,8.83629E+11,239545,Tsunami,1,8.99,8.99,50%,4.49,4.49,0,0,4.49,4.49
Amazon UK Retail,12/12/2014,,8.83629E+11,239577,Nepal,1,8.99,8.99,50%,4.49,4.49,0,0,4.49,4.49
Amazon UK Retail,15/12/2014,,8.83629E+11,239595,Inside Iraq The Untold Stories,1,11.99,11.99,50%,5.99,5.99,0,0,5.99,5.99
Amazon UK Retail,1/12/2014,,8.83629E+11,239602,Explore San Francisco 2nd Edition,1,11.99,11.99,50%,5.99,5.99,0,0,5.99,5.99
Amazon UK Retail,17/12/2014,GRDVD15613,8.83629E+11,244894,GlobeRiders Iceland Adventure A Motorcycle Tour of Iceland,1,11.99,11.99,50%,5.99,5.99,0,0,5.99,5.99
Amazon UK Retail,15/12/2014,GRDVD15613,8.83629E+11,244894,GlobeRiders Iceland Adventure A Motorcycle Tour of Iceland,1,11.99,11.99,50%,5.99,5.99,0,0,5.99,5.99
Amazon UK Retail,16/12/2014,GRKDVDBEL,8.83629E+11,244901,Dive Travel  Belize Home of the Famous Blue Hole,1,11.99,11.99,50%,5.99,5.99,0,0,5.99,5.99
Amazon UK Retail,14/12/2014,7956,8.83629E+11,244920,Prague (Praha) The Mother of Cities [PAL],1,14.99,14.99,50%,7.49,7.49,0,0,7.49,7.49
Amazon UK Retail,14/12/2014,AIEDVDVOL5,8.8363E+11,247435,Adventures in Europe  Vol 5 Amsterdam Pride,1,8.99,8.99,50%,4.49,4.49,0,0,4.49,4.49
Amazon UK Retail,1/12/2014,C3DVDSAF,8.8363E+11,247437,Safari Kenya,1,11.99,11.99,50%,5.99,5.99,0,0,5.99,5.99
Amazon UK Retail,22/12/2014,GRKDVDNWA,8.8363E+11,247445,Dive Travel Northwest Australia A Helicopter Diving Adventure,1,11.99,11.99,50%,5.99,5.99,0,0,5.99,5.99
Amazon UK Retail,4/12/2014,JPPDVD028,8.8363E+11,247450,Canadian Rockies: Highlights,1,11.99,11.99,50%,5.99,5.99,0,0,5.99,5.99
Amazon UK Retail,7/12/2014,JPPDVD028,8.8363E+11,247450,Canadian Rockies: Highlights,1,11.99,11.99,50%,5.99,5.99,0,0,5.99,5.99
Amazon UK Retail,29/12/2014,JPPDVD032,8.8363E+11,247451,Vancouver,1,11.99,11.99,50%,5.99,5.99,0,0,5.99,5.99
Amazon UK Retail,7/12/2014,JPPDVD036,8.8363E+11,247452,Victoria & Vancouver Island,1,11.99,11.99,50%,5.99,5.99,0,0,5.99,5.99
Amazon UK Retail,29/12/2014,JPPDVD038,8.8363E+11,247454,Vancouver Island,1,17.97,17.97,50%,8.98,8.98,0,0,8.98,8.98
Amazon UK Retail,10/12/2014,BNTDVDBATTLE,8.8363E+11,250307,The Battle of Britain Memorial Flight 'Lest We Forget',1,9.99,9.99,50%,4.99,4.99,0,0,4.99,4.99
Amazon UK Retail,8/12/2014,CVMPDVD1582,8.8363E+11,250316,Yorkshire Dales A Landscape of Longing [PAL],1,11.99,11.99,50%,5.99,5.99,0,0,5.99,5.99
Amazon UK Retail,17/12/2014,CTCDVD49465,8.8363E+11,252997,World's Greatest Festivals  The Ultimate Guide to New York Fashion Week,1,8.99,8.99,50%,4.49,4.49,0,0,4.49,4.49
Amazon UK Retail,4/12/2014,CTCDVD49466,8.8363E+11,253003,World's Greatest Festivals  The Ultimate Guide to the Sturgis Motorcycle Rally,1,8.99,8.99,50%,4.49,4.49,0,0,4.49,4.49
Amazon UK Retail,17/12/2014,GSEDVDHIMA,8.8363E+11,253023,Himalayan Journeys in Nepal and Ladakh,1,14.99,14.99,50%,7.49,7.49,0,0,7.49,7.49
Amazon UK Retail,11/12/2014,DAVDVDBC,8.8363E+11,253061,Destination British Columbia,1,11.99,11.99,50%,5.99,5.99,0,0,5.99,5.99
Amazon UK Retail,2/12/2014,DAVDVDCA,8.8363E+11,253062,Destination California,1,11.99,11.99,50%,5.99,5.99,0,0,5.99,5.99
Amazon UK Retail,3/12/2014,DAVDVDCA,8.8363E+11,253062,Destination California,1,11.99,11.99,50%,5.99,5.99,0,0,5.99,5.99
Amazon UK Retail,13/12/2014,DAVDVDCA,8.8363E+11,253062,Destination California,1,11.99,11.99,50%,5.99,5.99,0,0,5.99,5.99
Amazon UK Retail,15/12/2014,DAVDVDCA,8.8363E+11,253062,Destination California,1,11.99,11.99,50%,5.99,5.99,0,0,5.99,5.99
Amazon UK Retail,19/12/2014,DAVDVDCA,8.8363E+11,253062,Destination California,1,11.99,11.99,50%,5.99,5.99,0,0,5.99,5.99
Amazon UK Retail,30/12/2014,DAVDVDCAN,8.8363E+11,253065,Destination Canada,1,11.99,11.99,50%,5.99,5.99,0,0,5.99,5.99
Amazon UK Retail,11/12/2014,ABCDPDVDHAW,8.8363E+11,253085,Hawaii [PAL],1,11.99,11.99,50%,5.99,5.99,0,0,5.99,5.99
Amazon UK Retail,23/12/2014,ABCDPDVDWESTUSA,8.8363E+11,253088,The West Of The USA [PAL],1,11.99,11.99,50%,5.99,5.99,0,0,5.99,5.99
Amazon UK Retail,15/12/2014,ABCDPDVDWESTUSA,8.8363E+11,253088,The West Of The USA [PAL],1,11.99,11.99,50%,5.99,5.99,0,0,5.99,5.99
Amazon UK Retail,8/12/2014,BNTPDVDNS3,8.8363E+11,258443,"Northern Skies 3 Nine Spectacular Aerial Joureys across Yorkshire, Cumbria and The North East [PAL]",1,17.97,17.97,50%,8.98,8.98,0,0,8.98,8.98
Amazon UK Retail,17/12/2014,DAVDVDFIRE,8.8363E+11,258451,Fireplace In A Box,1,11.99,11.99,50%,5.99,5.99,0,0,5.99,5.99
Amazon UK Retail,5/12/2014,VPGDVD240,8.8363E+11,258530,"Vista Point  KOLKATA - Calcutta, India",1,11.99,11.99,50%,5.99,5.99,0,0,5.99,5.99
Amazon UK Retail,17/12/2014,BNTPDVDSCF01,8.8363E+11,258668,Dickie Bird At The World's Greatest Festival In Scarborough [PAL],1,9.99,9.99,50%,4.99,4.99,0,0,4.99,4.99
Amazon UK Retail,1/12/2014,BNTPDVDSCF01,8.8363E+11,258668,Dickie Bird At The World's Greatest Festival In Scarborough [PAL],1,9.99,9.99,50%,4.99,4.99,0,0,4.99,4.99
Amazon UK Retail,17/12/2014,BAYDVD43226,8.8363E+11,258677,"City Tour West Los Angeles, Las Vegas and San Francisco",1,7.99,7.99,50%,3.99,3.99,0,0,3.99,3.99
Amazon UK Retail,5/12/2014,,8.8363E+11,260445,Iceland's Favourite Places  Reykjavik & The Golden Circle (PAL),1,11.99,11.99,50%,5.99,5.99,0,0,5.99,5.99
Amazon UK Retail,5/12/2014,,8.8363E+11,260445,Iceland's Favourite Places  Reykjavik & The Golden Circle (PAL),1,11.99,11.99,50%,5.99,5.99,0,0,5.99,5.99
Amazon UK Retail,19/12/2014,,8.8363E+11,260445,Iceland's Favourite Places  Reykjavik & The Golden Circle (PAL),1,11.99,11.99,50%,5.99,5.99,0,0,5.99,5.99
Amazon UK Retail,11/12/2014,,8.8363E+11,260446,Iceland's Favourite Places  Akureyri & The Magical North (PAL),1,11.99,11.99,50%,5.99,5.99,0,0,5.99,5.99
Amazon UK Retail,28/12/2014,,8.8363E+11,261156,Iceland's Favourite Places,1,14.99,14.99,50%,7.49,7.49,0,0,7.49,7.49
Amazon UK Retail,8/12/2014,221184,8.8363E+11,266093,English Cottage and Country Gardens (NTSC),1,7.41,7.41,50%,3.7,3.7,0,0,3.7,3.7
Amazon UK Retail,21/12/2014,221184,8.8363E+11,266093,English Cottage and Country Gardens (NTSC),1,7.41,7.41,50%,3.7,3.7,0,0,3.7,3.7
Amazon UK Retail,17/12/2014,221184,8.8363E+11,266093,English Cottage and Country Gardens (NTSC),1,7.41,7.41,50%,3.7,3.7,0,0,3.7,3.7
Amazon UK Retail,4/12/2014,221184,8.8363E+11,266093,English Cottage and Country Gardens (NTSC),1,7.41,7.41,50%,3.7,3.7,0,0,3.7,3.7
Amazon UK Retail,1/12/2014,221184,8.8363E+11,266093,English Cottage and Country Gardens (NTSC),1,7.41,7.41,50%,3.7,3.7,0,0,3.7,3.7
Amazon UK Retail,14/12/2014,221184,8.8363E+11,266093,English Cottage and Country Gardens (NTSC),1,7.41,7.41,50%,3.7,3.7,0,0,3.7,3.7
Amazon UK Retail,18/12/2014,221184,8.8363E+11,266093,English Cottage and Country Gardens (NTSC),1,7.41,7.41,50%,3.7,3.7,0,0,3.7,3.7
Amazon UK Retail,20/12/2014,221184,8.8363E+11,266093,English Cottage and Country Gardens (NTSC),1,7.41,7.41,50%,3.7,3.7,0,0,3.7,3.7
Amazon UK Retail,3/12/2014,221184,8.8363E+11,266093,English Cottage and Country Gardens (NTSC),1,7.41,7.41,50%,3.7,3.7,0,0,3.7,3.7
Amazon UK Retail,9/12/2014,221184,8.8363E+11,266093,English Cottage and Country Gardens (NTSC),1,7.41,7.41,50%,3.7,3.7,0,0,3.7,3.7
Amazon UK Retail,5/12/2014,221184,8.8363E+11,266093,English Cottage and Country Gardens (NTSC),2,7.41,14.82,50%,3.7,7.4,0,0,3.7,7.4
Amazon UK Retail,1/12/2014,221184,8.8363E+11,266093,English Cottage and Country Gardens (NTSC),1,7.41,7.41,50%,3.7,3.7,0,0,3.7,3.7
Amazon UK Retail,12/12/2014,221184,8.8363E+11,266093,English Cottage and Country Gardens (NTSC),1,7.41,7.41,50%,3.7,3.7,0,0,3.7,3.7
Amazon UK Retail,13/12/2014,221184,8.8363E+11,266093,English Cottage and Country Gardens (NTSC),1,7.41,7.41,50%,3.7,3.7,0,0,3.7,3.7
Amazon UK Retail,21/12/2014,221358,8.8363E+11,266098,The Great Gardens of England (NTSC),1,7.41,7.41,50%,3.7,3.7,0,0,3.7,3.7
Amazon UK Retail,5/12/2014,221358,8.8363E+11,266098,The Great Gardens of England (NTSC),1,7.41,7.41,50%,3.7,3.7,0,0,3.7,3.7
Amazon UK Retail,9/12/2014,221358,8.8363E+11,266098,The Great Gardens of England (NTSC),1,7.41,7.41,50%,3.7,3.7,0,0,3.7,3.7
Amazon UK Retail,11/12/2014,221484,8.8363E+11,266101,Slovenia and Croatia (NTSC),1,7.41,7.41,50%,3.7,3.7,0,0,3.7,3.7
Amazon UK Retail,8/12/2014,221348,8.8363E+11,266102,Take A Tour Of... Las Vegas (NTSC),1,7.41,7.41,50%,3.7,3.7,0,0,3.7,3.7
Amazon UK Retail,28/12/2014,221302,8.8363E+11,266106,Machu Picchu and the Sacred Valley (NTSC),1,7.41,7.41,50%,3.7,3.7,0,0,3.7,3.7
Amazon UK Retail,6/12/2014,221285,8.8363E+11,266107,Europe's Wild Gem Iceland -- It's so much more than ice! (NTSC),1,7.41,7.41,50%,3.7,3.7,0,0,3.7,3.7
Amazon UK Retail,21/12/2014,236437,8.8363E+11,266109,Exploring French Wine Regions (NTSC),1,7.41,7.41,50%,3.7,3.7,0,0,3.7,3.7
Amazon UK Retail,26/12/2014,214895,8.8363E+11,266111,Panorama Singapore (NTSC),1,7.41,7.41,50%,3.7,3.7,0,0,3.7,3.7
Amazon UK Retail,18/12/2014,236955,8.8363E+11,266118,Silk Road Journey From China Through Central Asia (NTSC),1,7.41,7.41,50%,3.7,3.7,0,0,3.7,3.7
Amazon UK Retail,9/12/2014,237004,8.8363E+11,266119,Undiscovered Wales (NTSC),1,7.41,7.41,50%,3.7,3.7,0,0,3.7,3.7
Amazon UK Retail,22/12/2014,237041,8.8363E+11,266127,Vista Point  DUBAI United Arab Emirates (NTSC),1,7.41,7.41,50%,3.7,3.7,0,0,3.7,3.7
Amazon UK Retail,20/12/2014,237041,8.8363E+11,266127,Vista Point  DUBAI United Arab Emirates (NTSC),1,7.41,7.41,50%,3.7,3.7,0,0,3.7,3.7
Amazon UK Retail,14/12/2014,221248,8.8363E+11,266128,Growing Good Roses (NTSC),1,7.41,7.41,50%,3.7,3.7,0,0,3.7,3.7
Amazon UK Retail,26/12/2014,236335,8.8363E+11,266135,Bavaria and the Black Forest (NTSC),1,7.41,7.41,50%,3.7,3.7,0,0,3.7,3.7
Amazon UK Retail,2/12/2014,236335,8.8363E+11,266135,Bavaria and the Black Forest (NTSC),2,7.41,14.82,50%,3.7,7.4,0,0,3.7,7.4
Amazon UK Retail,15/12/2014,236335,8.8363E+11,266135,Bavaria and the Black Forest (NTSC),1,7.41,7.41,50%,3.7,3.7,0,0,3.7,3.7
Amazon UK Retail,19/12/2014,236335,8.8363E+11,266135,Bavaria and the Black Forest (NTSC),1,7.41,7.41,50%,3.7,3.7,0,0,3.7,3.7
Amazon UK Retail,7/12/2014,221343,8.8363E+11,266144,South African Safari (NTSC),1,7.41,7.41,50%,3.7,3.7,0,0,3.7,3.7
Amazon UK Retail,5/12/2014,221343,8.8363E+11,266144,South African Safari (NTSC),1,7.41,7.41,50%,3.7,3.7,0,0,3.7,3.7
Amazon UK Retail,2/12/2014,221343,8.8363E+11,266144,South African Safari (NTSC),1,7.41,7.41,50%,3.7,3.7,0,0,3.7,3.7
Amazon UK Retail,5/12/2014,221343,8.8363E+11,266144,South African Safari (NTSC),1,7.41,7.41,50%,3.7,3.7,0,0,3.7,3.7
Amazon UK Retail,13/12/2014,221343,8.8363E+11,266144,South African Safari (NTSC),1,7.41,7.41,50%,3.7,3.7,0,0,3.7,3.7
Amazon UK Retail,1/12/2014,237019,8.8363E+11,266157,Vista Point  BARCELONA Spain (NTSC),1,7.41,7.41,50%,3.7,3.7,0,0,3.7,3.7
Amazon UK Retail,15/12/2014,237019,8.8363E+11,266157,Vista Point  BARCELONA Spain (NTSC),1,7.41,7.41,50%,3.7,3.7,0,0,3.7,3.7
Amazon UK Retail,18/12/2014,221160,8.8363E+11,266165,Bermuda (NTSC),1,7.41,7.41,50%,3.7,3.7,0,0,3.7,3.7
Amazon UK Retail,22/12/2014,236300,8.8363E+11,266177,7 Days  PERU (NTSC),1,7.41,7.41,50%,3.7,3.7,0,0,3.7,3.7
Amazon UK Retail,17/12/2014,236812,8.8363E+11,266195,Nature Parks  SERENGETI & NGORONGORO Tanzania (NTSC),1,7.41,7.41,50%,3.7,3.7,0,0,3.7,3.7
Amazon UK Retail,6/12/2014,236812,8.8363E+11,266195,Nature Parks  SERENGETI & NGORONGORO Tanzania (NTSC),2,7.41,14.82,50%,3.7,7.4,0,0,3.7,7.4
Amazon UK Retail,1/12/2014,236812,8.8363E+11,266195,Nature Parks  SERENGETI & NGORONGORO Tanzania (NTSC),1,7.41,7.41,50%,3.7,3.7,0,0,3.7,3.7
Amazon UK Retail,10/12/2014,236812,8.8363E+11,266195,Nature Parks  SERENGETI & NGORONGORO Tanzania (NTSC),1,7.41,7.41,50%,3.7,3.7,0,0,3.7,3.7
Amazon UK Retail,14/12/2014,236812,8.8363E+11,266195,Nature Parks  SERENGETI & NGORONGORO Tanzania (NTSC),1,7.41,7.41,50%,3.7,3.7,0,0,3.7,3.7
Amazon UK Retail,8/12/2014,236812,8.8363E+11,266195,Nature Parks  SERENGETI & NGORONGORO Tanzania (NTSC),1,7.41,7.41,50%,3.7,3.7,0,0,3.7,3.7
Amazon UK Retail,16/12/2014,236812,8.8363E+11,266195,Nature Parks  SERENGETI & NGORONGORO Tanzania (NTSC),1,7.41,7.41,50%,3.7,3.7,0,0,3.7,3.7
Amazon UK Retail,4/12/2014,221300,8.8363E+11,266199,"Lisbon, Portugal (NTSC)",1,7.41,7.41,50%,3.7,3.7,0,0,3.7,3.7
Amazon UK Retail,7/12/2014,221300,8.8363E+11,266199,"Lisbon, Portugal (NTSC)",1,7.41,7.41,50%,3.7,3.7,0,0,3.7,3.7
Amazon UK Retail,30/12/2014,236296,8.8363E+11,266204,7 Days  NEPAL (NTSC),1,7.41,7.41,50%,3.7,3.7,0,0,3.7,3.7
Amazon UK Retail,22/12/2014,236490,8.8363E+11,266223,Global Treasures  ANGKOR WAT Cambodia (NTSC),1,7.41,7.41,50%,3.7,3.7,0,0,3.7,3.7
Amazon UK Retail,18/12/2014,236490,8.8363E+11,266223,Global Treasures  ANGKOR WAT Cambodia (NTSC),1,7.41,7.41,50%,3.7,3.7,0,0,3.7,3.7
Amazon UK Retail,27/12/2014,236291,8.8363E+11,266226,7 Days  MALTA (NTSC),1,7.41,7.41,50%,3.7,3.7,0,0,3.7,3.7
Amazon UK Retail,21/12/2014,236291,8.8363E+11,266226,7 Days  MALTA (NTSC),1,7.41,7.41,50%,3.7,3.7,0,0,3.7,3.7
Amazon UK Retail,17/12/2014,236291,8.8363E+11,266226,7 Days  MALTA (NTSC),1,7.41,7.41,50%,3.7,3.7,0,0,3.7,3.7
Amazon UK Retail,12/12/2014,236291,8.8363E+11,266226,7 Days  MALTA (NTSC),1,7.41,7.41,50%,3.7,3.7,0,0,3.7,3.7
Amazon UK Retail,8/12/2014,228845,8.8363E+11,266231,A Doug Jones Travelog The Great Canadian Train Ride (NTSC),1,7.41,7.41,50%,3.7,3.7,0,0,3.7,3.7
Amazon UK Retail,20/12/2014,228845,8.8363E+11,266231,A Doug Jones Travelog The Great Canadian Train Ride (NTSC),1,7.41,7.41,50%,3.7,3.7,0,0,3.7,3.7
Amazon UK Retail,4/12/2014,228845,8.8363E+11,266231,A Doug Jones Travelog The Great Canadian Train Ride (NTSC),1,7.41,7.41,50%,3.7,3.7,0,0,3.7,3.7
Amazon UK Retail,6/12/2014,228845,8.8363E+11,266231,A Doug Jones Travelog The Great Canadian Train Ride (NTSC),1,7.41,7.41,50%,3.7,3.7,0,0,3.7,3.7
Amazon UK Retail,10/12/2014,236738,8.8363E+11,266248,Images of Umbria (NTSC),1,7.41,7.41,50%,3.7,3.7,0,0,3.7,3.7
Amazon UK Retail,15/12/2014,237076,8.8363E+11,266264,Vista Point  MADRID Spain (NTSC),1,7.41,7.41,50%,3.7,3.7,0,0,3.7,3.7
Amazon UK Retail,7/12/2014,214889,8.8363E+11,266266,Perth Australia's Golden City (NTSC),1,7.41,7.41,50%,3.7,3.7,0,0,3.7,3.7
Amazon UK Retail,18/12/2014,236639,8.8363E+11,266271,Global Treasures  Peterhof Russia (NTSC),1,7.41,7.41,50%,3.7,3.7,0,0,3.7,3.7
Amazon UK Retail,2/12/2014,236340,8.8363E+11,266293,"Britain's Gentle Highway ... a canal adventure in England, Scotland and Wales (NTSC)",2,7.41,14.82,50%,3.7,7.4,0,0,3.7,7.4
Amazon UK Retail,8/12/2014,236340,8.8363E+11,266293,"Britain's Gentle Highway ... a canal adventure in England, Scotland and Wales (NTSC)",1,7.41,7.41,50%,3.7,3.7,0,0,3.7,3.7
Amazon UK Retail,13/12/2014,236340,8.8363E+11,266293,"Britain's Gentle Highway ... a canal adventure in England, Scotland and Wales (NTSC)",1,7.41,7.41,50%,3.7,3.7,0,0,3.7,3.7
Amazon UK Retail,20/12/2014,236340,8.8363E+11,266293,"Britain's Gentle Highway ... a canal adventure in England, Scotland and Wales (NTSC)",1,7.41,7.41,50%,3.7,3.7,0,0,3.7,3.7
Amazon UK Retail,1/12/2014,221388,8.8363E+11,266304,"Weekend Explorer  Kanab, Utah Zion, Bryce, and Grand Canyon National Parks (NTSC)",1,7.41,7.41,50%,3.7,3.7,0,0,3.7,3.7
Amazon UK Retail,12/12/2014,214886,8.8363E+11,266318,Sydney Australia's Olympic City (NTSC),1,7.41,7.41,50%,3.7,3.7,0,0,3.7,3.7
Amazon UK Retail,6/12/2014,236371,8.8363E+11,266323,"Cosmos Global Documentaries  MEKONG The Three Ancient Kingdoms Of Cambodia, Thailand & Vietnam (NTSC",1,7.41,7.41,50%,3.7,3.7,0,0,3.7,3.7
Amazon UK Retail,15/12/2014,239560,8.8363E+11,266324,Italy Sicily-South Taormina-Syracusa-Agrigento-Enna-Etna (NTSC),1,7.41,7.41,50%,3.7,3.7,0,0,3.7,3.7
Amazon UK Retail,20/12/2014,214906,8.8363E+11,266327,Western Australia (NTSC),1,7.41,7.41,50%,3.7,3.7,0,0,3.7,3.7
Amazon UK Retail,22/12/2014,236312,8.8363E+11,266346,7 Days  THAILAND (NTSC),1,7.41,7.41,50%,3.7,3.7,0,0,3.7,3.7
Amazon UK Retail,7/12/2014,236385,8.8363E+11,266348,Cosmos Global Documentaries  SICILY -Treasure Trove Of History (NTSC),1,7.41,7.41,50%,3.7,3.7,0,0,3.7,3.7
Amazon UK Retail,7/12/2014,236385,8.8363E+11,266348,Cosmos Global Documentaries  SICILY -Treasure Trove Of History (NTSC),1,7.41,7.41,50%,3.7,3.7,0,0,3.7,3.7
Amazon UK Retail,22/12/2014,237117,8.8363E+11,266354,Vista Point  SINGAPORE (NTSC),1,7.41,7.41,50%,3.7,3.7,0,0,3.7,3.7
Amazon UK Retail,10/12/2014,236790,8.8363E+11,266360,Nature Parks  HAWAI'I VOLCANOES PARK (NTSC),1,7.41,7.41,50%,3.7,3.7,0,0,3.7,3.7
Amazon UK Retail,30/12/2014,244921,8.8363E+11,266362,Roma The Eternal City (NTSC),1,7.41,7.41,50%,3.7,3.7,0,0,3.7,3.7
Amazon UK Retail,28/12/2014,236398,8.8363E+11,266373,"Cosmos Global Documentaries The 3 PEARLS OF ANDALUCIA CÃ³rdoba, Granada, Sevilla (NTSC)",1,7.41,7.41,50%,3.7,3.7,0,0,3.7,3.7
Amazon UK Retail,18/12/2014,221169,8.8363E+11,266383,A Doug Jones Travelog  Cruising The Orient On The QE2 (NTSC),1,7.41,7.41,50%,3.7,3.7,0,0,3.7,3.7
Amazon UK Retail,1/12/2014,221169,8.8363E+11,266383,A Doug Jones Travelog  Cruising The Orient On The QE2 (NTSC),1,7.41,7.41,50%,3.7,3.7,0,0,3.7,3.7
Amazon UK Retail,10/12/2014,221169,8.8363E+11,266383,A Doug Jones Travelog  Cruising The Orient On The QE2 (NTSC),1,7.41,7.41,50%,3.7,3.7,0,0,3.7,3.7
Amazon UK Retail,14/12/2014,221409,8.8363E+11,266386,Western Canada Far & Wild (NTSC),1,7.41,7.41,50%,3.7,3.7,0,0,3.7,3.7
Amazon UK Retail,12/12/2014,236443,8.8363E+11,266388,EXTRAVAGANZA  PALACE ON WHEELS Five Star Train Journey In Wonderland (NTSC),1,7.41,7.41,50%,3.7,3.7,0,0,3.7,3.7
Amazon UK Retail,18/12/2014,236780,8.8363E+11,266396,Nature Parks  CANADIAN ROCKY MOUNTAINS Canada (NTSC),1,7.41,7.41,50%,3.7,3.7,0,0,3.7,3.7
Amazon UK Retail,20/12/2014,221186,8.8363E+11,266404,Europe If By Road - Your guide to Camping and Motorhome Vacations in Europe (NTSC),1,7.41,7.41,50%,3.7,3.7,0,0,3.7,3.7
Amazon UK Retail,9/12/2014,221186,8.8363E+11,266404,Europe If By Road - Your guide to Camping and Motorhome Vacations in Europe (NTSC),1,7.41,7.41,50%,3.7,3.7,0,0,3.7,3.7
Amazon UK Retail,1/12/2014,236261,8.8363E+11,266408,7 Days  Bahamas (NTSC),1,7.41,7.41,50%,3.7,3.7,0,0,3.7,3.7
Amazon UK Retail,19/12/2014,236715,8.8363E+11,266426,Global Treasures  UDAIPUR India (NTSC),1,7.41,7.41,50%,3.7,3.7,0,0,3.7,3.7
Amazon UK Retail,9/12/2014,236919,8.8363E+11,266454,On Tour...  HURTIGRUTEN Amazing Voyage Along The Norwegian Coast (NTSC),1,7.41,7.41,50%,3.7,3.7,0,0,3.7,3.7
Amazon UK Retail,15/12/2014,236397,8.8363E+11,266455,Cosmos Global Documentaries IN THE LAND OF THE RISING DRAGON Vietnam (NTSC),1,7.41,7.41,50%,3.7,3.7,0,0,3.7,3.7
Amazon UK Retail,7/12/2014,236354,8.8363E+11,266456,Cosmos Global Documentaries  CEYLON (NTSC),1,7.41,7.41,50%,3.7,3.7,0,0,3.7,3.7
Amazon UK Retail,1/12/2014,221094,8.8363E+11,266464,A Doug Jones Travelog QE2 Sails New Zealand & Australia (NTSC),1,7.41,7.41,50%,3.7,3.7,0,0,3.7,3.7
Amazon UK Retail,18/12/2014,221094,8.8363E+11,266464,A Doug Jones Travelog QE2 Sails New Zealand & Australia (NTSC),1,7.41,7.41,50%,3.7,3.7,0,0,3.7,3.7
Amazon UK Retail,1/12/2014,221095,8.8363E+11,266465,A Doug Jones Travelog The Great World Cruise of the QE2 (NTSC),1,7.41,7.41,50%,3.7,3.7,0,0,3.7,3.7
Amazon UK Retail,16/12/2014,237000,8.8363E+11,266472,The Other side of Mexico (NTSC),1,7.41,7.41,50%,3.7,3.7,0,0,3.7,3.7
Amazon UK Retail,15/12/2014,247441,8.8363E+11,266474,Dreamspeaker Destinations Coastal Magic Sailing British Columbia (NTSC),1,7.41,7.41,50%,3.7,3.7,0,0,3.7,3.7
Amazon UK Retail,8/12/2014,250314,8.8363E+11,266475,Picture Postcard Yorkshire Volume One (NTSC),1,7.41,7.41,50%,3.7,3.7,0,0,3.7,3.7
Amazon UK Retail,11/12/2014,250314,8.8363E+11,266475,Picture Postcard Yorkshire Volume One (NTSC),1,7.41,7.41,50%,3.7,3.7,0,0,3.7,3.7
Amazon UK Retail,17/12/2014,237090,8.8363E+11,266488,Vista Point  NICE France (NTSC),1,7.41,7.41,50%,3.7,3.7,0,0,3.7,3.7
Amazon UK Retail,8/12/2014,237090,8.8363E+11,266488,Vista Point  NICE France (NTSC),1,7.41,7.41,50%,3.7,3.7,0,0,3.7,3.7
Amazon UK Retail,8/12/2014,236931,8.8363E+11,266492,On Tour...  NILE CRUISE Rendezvous With The Pharaohs (NTSC),1,7.41,7.41,50%,3.7,3.7,0,0,3.7,3.7
Amazon UK Retail,14/12/2014,236931,8.8363E+11,266492,On Tour...  NILE CRUISE Rendezvous With The Pharaohs (NTSC),1,7.41,7.41,50%,3.7,3.7,0,0,3.7,3.7
Amazon UK Retail,13/12/2014,236298,8.8363E+11,266495,7 Days  NEW ENGLAND (NTSC),1,7.41,7.41,50%,3.7,3.7,0,0,3.7,3.7
Amazon UK Retail,18/12/2014,236363,8.8363E+11,266497,Cosmos Global Documentaries  GREAT CATHEDRALS OF THE WORLD (NTSC),1,7.41,7.41,50%,3.7,3.7,0,0,3.7,3.7
Amazon UK Retail,3/12/2014,236318,8.8363E+11,266523,7 Days  UNITED ARAB EMIRATES (NTSC),1,7.41,7.41,50%,3.7,3.7,0,0,3.7,3.7
Amazon UK Retail,28/12/2014,236742,8.8363E+11,266544,"Jewish Heritage Sites in Prague, Bohemia and Moravia (NTSC)",1,7.41,7.41,50%,3.7,3.7,0,0,3.7,3.7
Amazon UK Retail,26/12/2014,237075,8.8363E+11,266547,Vista Point  MACAU China (NTSC),1,7.41,7.41,50%,3.7,3.7,0,0,3.7,3.7
Amazon UK Retail,23/12/2014,236463,8.8363E+11,266554,Gardens of the World  HOLLAND'S TULIP GARDENS (NTSC),1,7.41,7.41,50%,3.7,3.7,0,0,3.7,3.7
Amazon UK Retail,28/12/2014,236786,8.8363E+11,266555,Nature Parks  ETOSHA Namibia (NTSC),1,7.41,7.41,50%,3.7,3.7,0,0,3.7,3.7
Amazon UK Retail,20/12/2014,244892,8.8363E+11,266562,"GlobeRiders  Silk Road Adventure - A Motorcycle Journey Istanbul, Turkey to Xian, China (NTSC)",1,7.41,7.41,50%,3.7,3.7,0,0,3.7,3.7
Amazon UK Retail,1/12/2014,244892,8.8363E+11,266562,"GlobeRiders  Silk Road Adventure - A Motorcycle Journey Istanbul, Turkey to Xian, China (NTSC)",1,7.41,7.41,50%,3.7,3.7,0,0,3.7,3.7
Amazon UK Retail,4/12/2014,244892,8.8363E+11,266562,"GlobeRiders  Silk Road Adventure - A Motorcycle Journey Istanbul, Turkey to Xian, China (NTSC)",1,7.41,7.41,50%,3.7,3.7,0,0,3.7,3.7
Amazon UK Retail,15/12/2014,244892,8.8363E+11,266562,"GlobeRiders  Silk Road Adventure - A Motorcycle Journey Istanbul, Turkey to Xian, China (NTSC)",1,7.41,7.41,50%,3.7,3.7,0,0,3.7,3.7
Amazon UK Retail,18/12/2014,244892,8.8363E+11,266562,"GlobeRiders  Silk Road Adventure - A Motorcycle Journey Istanbul, Turkey to Xian, China (NTSC)",2,7.41,14.82,50%,3.7,7.4,0,0,3.7,7.4
Amazon UK Retail,7/12/2014,214874,8.8363E+11,266565,Cairns The Gem of The Tropics (NTSC),1,7.41,7.41,50%,3.7,3.7,0,0,3.7,3.7
Amazon UK Retail,18/12/2014,236448,8.8363E+11,266588,Florida Vacation & Travel Video (NTSC),1,7.41,7.41,50%,3.7,3.7,0,0,3.7,3.7
Amazon UK Retail,9/12/2014,,8.8363E+11,270142,Egyptmania The Egyptian Museum in Cairo (PAL),1,11.99,11.99,50%,5.99,5.99,0,0,5.99,5.99
Amazon UK Retail,14/12/2014,,8.8363E+11,270315,Legacy of Ancient Civilizations Ancient Arabia (PAL),1,8.99,8.99,50%,4.49,4.49,0,0,4.49,4.49
Amazon UK Retail,14/12/2014,,8.8363E+11,270638,Legacy of Ancient Civilizations Carthage and the Phoenicians (PAL),2,8.99,17.98,50%,4.49,8.98,0,0,4.49,8.98
Amazon UK Retail,21/12/2014,,8.8363E+11,270832,Vietnam A Land of Surprises,1,11.99,11.99,50%,5.99,5.99,0,0,5.99,5.99
Amazon UK Retail,18/12/2014,,8.8363E+11,270832,Vietnam A Land of Surprises,1,11.99,11.99,50%,5.99,5.99,0,0,5.99,5.99
Amazon UK Retail,21/12/2014,PTADVD102,8.8363E+11,271134,Passport to Adventure: Exploring Rural China and the Great Wall,1,8.99,8.99,50%,4.49,4.49,0,0,4.49,4.49
Amazon UK Retail,16/12/2014,PTADVD109,8.8363E+11,271139,Passport to Adventure: Exploring Rugged Northern Corsica France,1,8.99,8.99,50%,4.49,4.49,0,0,4.49,4.49
Amazon UK Retail,2/12/2014,PTADVD114,8.8363E+11,271142,Passport to Adventure: A Journey Down the Yangtze River China,1,8.99,8.99,50%,4.49,4.49,0,0,4.49,4.49
Amazon UK Retail,16/12/2014,PTADVD118,8.8363E+11,271145,Passport to Adventure: Magical Southern Corsica France,1,8.99,8.99,50%,4.49,4.49,0,0,4.49,4.49
Amazon UK Retail,26/12/2014,PTADVD207,8.8363E+11,271159,Passport to Adventure: The Jungles and Rivers of Costa Rica,1,8.99,8.99,50%,4.49,4.49,0,0,4.49,4.49
Amazon UK Retail,15/12/2014,,8.8363E+11,271540,Passport to Adventure The Pyrenees Mountains Spain and France,1,8.99,8.99,50%,4.49,4.49,0,0,4.49,4.49
Amazon UK Retail,28/12/2014,MHKDVD101,8.8363E+11,271657,The Magic of Hong Kong,1,11.99,11.99,50%,5.99,5.99,0,0,5.99,5.99
Amazon UK Retail,21/12/2014,COWS-DVD-103,8.85444E+11,274153,Cities of the World  Bali Indonesia,1,11.99,11.99,50%,5.99,5.99,0,0,5.99,5.99
Amazon UK Retail,13/12/2014,COWS-DVD-113,8.85444E+11,274163,Cities of the World  Corfu Greece,1,11.99,11.99,50%,5.99,5.99,0,0,5.99,5.99
Amazon UK Retail,17/12/2014,COWS-DVD-114,8.85444E+11,274164,Cities of the World  Corsica France,1,11.99,11.99,50%,5.99,5.99,0,0,5.99,5.99
Amazon UK Retail,10/12/2014,COWS-DVD-117,8.85444E+11,274167,Cities of the World  Crete Greece,1,11.99,11.99,50%,5.99,5.99,0,0,5.99,5.99
Amazon UK Retail,6/12/2014,COWS-DVD-122,8.85444E+11,274172,Cities of the World  Dubai United Arab Emirates,1,11.99,11.99,50%,5.99,5.99,0,0,5.99,5.99
Amazon UK Retail,22/12/2014,COWS-DVD-141,8.85444E+11,274191,Cities of the World  Krakow Poland,1,11.99,11.99,50%,5.99,5.99,0,0,5.99,5.99
Amazon UK Retail,8/12/2014,COWS-DVD-144,8.85444E+11,274194,Cities of the World  Madeira Portugal,1,11.99,11.99,50%,5.99,5.99,0,0,5.99,5.99
Amazon UK Retail,10/12/2014,COWS-DVD-146,8.85444E+11,274196,Cities of the World  Malta,1,11.99,11.99,50%,5.99,5.99,0,0,5.99,5.99
Amazon UK Retail,12/12/2014,COWS-DVD-146,8.85444E+11,274196,Cities of the World  Malta,1,11.99,11.99,50%,5.99,5.99,0,0,5.99,5.99
Amazon UK Retail,8/12/2014,COWS-DVD-152,8.85444E+11,274202,Cities of the World  New York USA,1,11.99,11.99,50%,5.99,5.99,0,0,5.99,5.99
Amazon UK Retail,18/12/2014,COWS-DVD-152,8.85444E+11,274202,Cities of the World  New York USA,1,11.99,11.99,50%,5.99,5.99,0,0,5.99,5.99
Amazon UK Retail,26/12/2014,COWS-DVD-154,8.85444E+11,274204,Cities of the World  Peru,1,11.99,11.99,50%,5.99,5.99,0,0,5.99,5.99
Amazon UK Retail,26/12/2014,TIDVD104,8.85444E+11,274240,Travelview International  Barbados,1,8.99,8.99,50%,4.49,4.49,0,0,4.49,4.49
Amazon UK Retail,3/12/2014,TIDVD104,8.85444E+11,274240,Travelview International  Barbados,1,8.99,8.99,50%,4.49,4.49,0,0,4.49,4.49
Amazon UK Retail,18/12/2014,TIDVD105,8.85444E+11,274241,Travelview International  Cancun Mexico,1,8.99,8.99,50%,4.49,4.49,0,0,4.49,4.49
Amazon UK Retail,3/12/2014,TIDVD111,8.85444E+11,274247,Travelview International  Indonesia,1,8.99,8.99,50%,4.49,4.49,0,0,4.49,4.49
Amazon UK Retail,19/12/2014,WADVD112,8.85444E+11,274273,The World Atlas  Danube Europe,1,11.99,11.99,50%,5.99,5.99,0,0,5.99,5.99
Amazon UK Retail,16/12/2014,WADVD140,8.85444E+11,274301,The World Atlas  WORLD: HUMAN GEOGRAPHY,1,11.99,11.99,50%,5.99,5.99,0,0,5.99,5.99
Amazon UK Retail,18/12/2014,WADVD140,8.85444E+11,274301,The World Atlas  WORLD: HUMAN GEOGRAPHY,1,11.99,11.99,50%,5.99,5.99,0,0,5.99,5.99
Amazon UK Retail,5/12/2014,7DYDVD171,8.85444E+11,277780,7 Days Patagonia,1,11.99,11.99,50%,5.99,5.99,0,0,5.99,5.99
Amazon UK Retail,6/12/2014,,8.85444E+11,278460,Wild Alaska,1,11.99,11.99,50%,5.99,5.99,0,0,5.99,5.99
Amazon UK Retail,5/12/2014,,8.85444E+11,278513,Barbados Island in the Sun,1,11.99,11.99,50%,5.99,5.99,0,0,5.99,5.99
Amazon UK Retail,28/12/2014,JDPDVDALWAYS,8.85444E+11,279068,Acadia Always The Story of Acadia National Park,1,11.99,11.99,50%,5.99,5.99,0,0,5.99,5.99
Amazon UK Retail,30/12/2014,JDPDVDMEAC,8.85444E+11,279073,Maine America's Coast,1,11.99,11.99,50%,5.99,5.99,0,0,5.99,5.99
Amazon UK Retail,10/12/2014,261158,8.85444E+11,280342,Iceland's Favourite Places Reykjavik & The Golden Circle (NTSC),1,7.41,7.41,50%,3.7,3.7,0,0,3.7,3.7
Amazon UK Retail,7/12/2014,261158,8.85444E+11,280342,Iceland's Favourite Places Reykjavik & The Golden Circle (NTSC),1,7.41,7.41,50%,3.7,3.7,0,0,3.7,3.7
Amazon UK Retail,10/12/2014,261404,8.85444E+11,280345,"Mysterious World of the Inca[NON-US FORMAT, PAL]",1,7.41,7.41,50%,3.7,3.7,0,0,3.7,3.7
Amazon UK Retail,8/12/2014,270832,8.85444E+11,280428,Vietnam A Land of Surprises (NTSC),1,7.41,7.41,50%,3.7,3.7,0,0,3.7,3.7
Amazon UK Retail,1/12/2014,270832,8.85444E+11,280428,Vietnam A Land of Surprises (NTSC),1,7.41,7.41,50%,3.7,3.7,0,0,3.7,3.7
Amazon UK Retail,3/12/2014,270832,8.85444E+11,280428,Vietnam A Land of Surprises (NTSC),1,7.41,7.41,50%,3.7,3.7,0,0,3.7,3.7
Amazon UK Retail,15/12/2014,270832,8.85444E+11,280428,Vietnam A Land of Surprises (NTSC),1,7.41,7.41,50%,3.7,3.7,0,0,3.7,3.7
Amazon UK Retail,15/12/2014,271134,8.85444E+11,280429,Passport to Adventure: Exploring Rural China and the Great Wall (NTSC),1,7.41,7.41,50%,3.7,3.7,0,0,3.7,3.7
Amazon UK Retail,16/12/2014,267946,8.85444E+11,280477,"Lithuania the Country Film[NON-US FORMAT, PAL]",1,7.41,7.41,50%,3.7,3.7,0,0,3.7,3.7
Amazon UK Retail,14/12/2014,267946,8.85444E+11,280477,"Lithuania the Country Film[NON-US FORMAT, PAL]",1,7.41,7.41,50%,3.7,3.7,0,0,3.7,3.7
Amazon UK Retail,2/12/2014,271140,8.85444E+11,280507,Passport to Adventure: Undiscovered Nepal (NTSC),1,7.41,7.41,50%,3.7,3.7,0,0,3.7,3.7
Amazon UK Retail,8/12/2014,271542,8.85444E+11,280526,"Passport to Adventure Discovering the ""Sud Tirol,"" Italy (NTSC)",1,7.41,7.41,50%,3.7,3.7,0,0,3.7,3.7
Amazon UK Retail,6/12/2014,,8.85444E+11,282322,World Destinations Seychelles,1,11.99,11.99,50%,5.99,5.99,0,0,5.99,5.99
Amazon UK Retail,16/12/2014,,8.85444E+11,283811,"East Sussex Medieval Towns and Villages Churches[NON-US FORMAT, PAL]",1,11.99,11.99,50%,5.99,5.99,0,0,5.99,5.99
Amazon UK Retail,26/12/2014,,8.85444E+11,284411,Culinary Travels Campania Italy,1,11.99,11.99,50%,5.99,5.99,0,0,5.99,5.99
Amazon UK Retail,17/12/2014,,8.85444E+11,284432,Culinary Travels Bermuda-A British Isle,1,11.99,11.99,50%,5.99,5.99,0,0,5.99,5.99
Amazon UK Retail,21/12/2014,PISPDVD108,8.85444E+11,287621,"Corfu[NON-US FORMAT, PAL]",1,11.99,11.99,50%,5.99,5.99,0,0,5.99,5.99
Amazon UK Retail,15/12/2014,PISPDVD109,8.85444E+11,287622,"Crete[NON-US FORMAT, PAL]",1,11.99,11.99,50%,5.99,5.99,0,0,5.99,5.99
Amazon UK Retail,4/12/2014,PISPDVD124,8.85444E+11,287637,"The History of the City of Athens[NON-US FORMAT, PAL]",1,12.99,12.99,50%,6.49,6.49,0,0,6.49,6.49
Amazon UK Retail,13/12/2014,CGP-PDVD-MALTA,8.85444E+11,291574,Malta by Microlight (PAL),1,11.99,11.99,50%,5.99,5.99,0,0,5.99,5.99
Amazon UK Retail,16/12/2014,PEGDVD1274,8.85444E+11,291605,Model Railways: An Enthusaist's Guide,1,11.99,11.99,50%,5.99,5.99,0,0,5.99,5.99
Amazon UK Retail,23/12/2014,PEGPDVD1187,8.85444E+11,291640,"Fishing with the Experts For Carp with Des Taylor[NON-US FORMAT, PAL]",1,11.99,11.99,50%,5.99,5.99,0,0,5.99,5.99
Amazon UK Retail,4/12/2014,PEGPDVD1196,8.85444E+11,291648,"Narrowboats Working on the Canals[NON-US FORMAT, PAL]",1,11.99,11.99,50%,5.99,5.99,0,0,5.99,5.99
Amazon UK Retail,12/12/2014,PEGPDVD1202,8.85444E+11,291654,"Fishing for Beginners Course Fishing[NON-US FORMAT, PAL]",1,11.99,11.99,50%,5.99,5.99,0,0,5.99,5.99
Amazon UK Retail,2/12/2014,PEGPDVD1207,8.85444E+11,291659,"Clay Shooting for the Intermediate Pegasus Entertainment[NON-US FORMAT, PAL]",1,11.99,11.99,50%,5.99,5.99,0,0,5.99,5.99
Amazon UK Retail,14/12/2014,PEGPDVD1317,8.85444E+11,291680,"Riot Police[NON-US FORMAT, PAL]",1,11.99,11.99,50%,5.99,5.99,0,0,5.99,5.99
Amazon UK Retail,9/12/2014,PEGPDVD1317,8.85444E+11,291680,"Riot Police[NON-US FORMAT, PAL]",1,11.99,11.99,50%,5.99,5.99,0,0,5.99,5.99
Amazon UK Retail,5/12/2014,PEGPDVD1355,8.85444E+11,291687,"Vietnam: Destruction from Above[NON-US FORMAT, PAL]",1,11.99,11.99,50%,5.99,5.99,0,0,5.99,5.99
Amazon UK Retail,10/12/2014,PEGPDVD1369,8.85444E+11,291691,"Warfile: Nazi Concentration Camp[NON-US FORMAT, PAL]",1,11.99,11.99,50%,5.99,5.99,0,0,5.99,5.99
Amazon UK Retail,13/12/2014,CFTCDVDWINGS,91009990980,304155,Wings Over Grand Canyon,1,14.99,14.99,50%,7.49,7.49,0,0,7.49,7.49
Amazon UK Retail,8/12/2014,PPEDVD109,8.8647E+11,306676,Bump-The Ultimate Gay Travel Companion Los Angeles,1,8.99,8.99,50%,4.49,4.49,0,0,4.49,4.49
Amazon UK Retail,21/12/2014,BOEDVD114,8.8647E+11,307375,Backroads of Europe Thuringen Germany,1,8.99,8.99,50%,4.49,4.49,0,0,4.49,4.49
Amazon UK Retail,18/12/2014,BOEDVD115,8.8647E+11,307376,Back Roads of Europe LIMOUSIN FRANCE,1,8.99,8.99,50%,4.49,4.49,0,0,4.49,4.49
Amazon UK Retail,4/12/2014,CC-DVD-108,8.8647E+11,325468,New Frontiers Chinese Civilization The Light of Reason Ancient Schools,1,8.99,8.99,50%,4.49,4.49,0,0,4.49,4.49
Amazon UK Retail,30/12/2014,RYR-DVD-103,8.8647E+11,325473,Rediscovering the Yangtze River The Dream of the Three Gorges,1,8.99,8.99,50%,4.49,4.49,0,0,4.49,4.49
Amazon UK Retail,19/12/2014,DTW-DVD-12,8.14618E+11,340134,Discover the World Rio De Janeiro,1,8.99,8.99,50%,4.49,4.49,0,0,4.49,4.49
Amazon UK Retail,29/12/2014,DTW-DVD-24,8.14618E+11,340152,Discover the World Tuscany,1,8.99,8.99,50%,4.49,4.49,0,0,4.49,4.49
Amazon UK Retail,27/12/2014,OEBDVD104,8.86471E+11,344783,Outdoors with Eddie Brochin The Real deal Hunting for Whitetail Deer,1,8.99,8.99,50%,4.49,4.49,0,0,4.49,4.49
Amazon UK Retail,22/12/2014,OEBDVD104,8.86471E+11,344783,Outdoors with Eddie Brochin The Real deal Hunting for Whitetail Deer,1,8.99,8.99,50%,4.49,4.49,0,0,4.49,4.49
Amazon UK Retail,6/12/2014,OEBDVD103,8.86471E+11,344788,Outdoors with Eddie Brochin Wild Boar Bow Hunts for Wild Boar and Warthog,1,8.99,8.99,50%,4.49,4.49,0,0,4.49,4.49
Amazon UK Retail,8/12/2014,UOTVDVD1001,8.86471E+11,344791,Ultimate Outdoors with Eddie Brochin The Old Way Falconry Hunting - Hunts for Pheasants and Rabbits,1,8.99,8.99,50%,4.49,4.49,0,0,4.49,4.49
Amazon UK Retail,20/12/2014,UOTVDVD1001,8.86471E+11,344791,Ultimate Outdoors with Eddie Brochin The Old Way Falconry Hunting - Hunts for Pheasants and Rabbits,1,8.99,8.99,50%,4.49,4.49,0,0,4.49,4.49
Amazon UK Retail,8/12/2014,OEBDVD207,8.86471E+11,344822,Outdoors with Eddie Brochin Eye in the Sky Hunting for rabbits with Chase the Red-Tailed Hawk,1,8.99,8.99,50%,4.49,4.49,0,0,4.49,4.49
Amazon UK Retail,8/12/2014,UOTVDVD1014,8.86471E+11,344838,Ultimate Outdoors with Eddie Brochin The Plantation Falconry Hunting Excursion,1,8.99,8.99,50%,4.49,4.49,0,0,4.49,4.49
Amazon UK Retail,23/12/2014,TOP-DVD-106,8.87937E+11,385886,Top Destinations OPATIJA,1,9.72,9.72,70%,5.8,5.8,0,0,5.8,5.8
Amazon UK Retail,30/12/2014,TOP-DVD-107,8.87937E+11,385897,Top Destinations RIJEKA,1,9.72,9.72,70%,5.8,5.8,0,0,5.8,5.8
Amazon UK Retail,28/12/2014,TOP-DVD-138,8.87937E+11,385914,Top Destinations VIS,1,9.72,9.72,70%,5.8,5.8,0,0,5.8,5.8
