Date,Title ID,Title Name,Qty Bought,Discount Code,Channel,Royalty
2/1/2010,_0UlJ1x9NjM,Tripoli - Libya,1,,YouTube,1.1
3/1/2010,_5WtduIseMI,Vienna Austria,1,,YouTube,1.1
10/1/2010,_5WtduIseMI,Cities of the World S1E79 - VIENNA Austria,1,,YouTube,1.1
2/1/2010,_bBi7wpseA0,CHENGDE China,1,,YouTube,1.1
10/1/2010,_GUHQt5-rKE,Cities of the World S1E2 - ATHENS Greece,1,,YouTube,1.1
1/1/2010,-_Gz9UAg3ss,Panorama Singapore,1,,YouTube,1.1
3/1/2010,_HkdWni_VL8,Venice Italy,2,,YouTube,1.1
10/1/2010,_HkdWni_VL8,Cities of the World S1E78 - VENICE Italy,1,,YouTube,1.1
8/1/2010,_J4reIfgG8w,Equitrekking S4E405 - Wales,1,,YouTube,1.1
9/1/2010,_J4reIfgG8w,Equitrekking S4E405 - Wales,1,,YouTube,1.1
7/1/2010,_jhOGgdVSyo,"Porthole TV S1E103 - Ship: Carnival Ecstasy Ports: Key West FL, Cozumel Mexico",1,,YouTube,1.1
2/1/2010,_jTUic11ojI,"Tyrol, Austria",1,,YouTube,1.1
11/1/2010,_KugpzLsa-A,The Battle of Britain Memorial Flight 'Lest We Forget',2,,YouTube,0.55
5/1/2010,_m4ssWvGE0o,7 Days S1E161 - COLORADO USA,1,,YouTube,1.1
6/1/2010,_SMsWy40QUI,"Nature Parks S1E124 - MOUNT ETNA Sicily, Italy",1,,YouTube,1.1
3/1/2010,_Xuo-aStnKs,River Island Nature Retreat Australia Maui Sun Club - Hawaii,1,,YouTube,2.75
8/1/2010,_Xuo-aStnKs,The Nude Traveler S1E101 - River Island Nature Retreat Australia Maui Sun Club - Hawaii,2,,YouTube,2.75
10/1/2010,_Xuo-aStnKs,The Nude Traveler S1E101 - River Island Nature Retreat Australia Maui Sun Club - Hawaii,2,,YouTube,2.75
11/1/2010,_Xuo-aStnKs,The Nude Traveler S1E101 - River Island Nature Retreat Australia Maui Sun Club - Hawaii,1,,YouTube,2.75
12/1/2010,_Xuo-aStnKs,The Nude Traveler S1E101 - River Island Nature Retreat Australia Maui Sun Club - Hawaii,1,,YouTube,2.75
7/1/2010,0DaPeEFUOhU,Extremists S2E217 - Surf or Die,1,,YouTube,1.1
8/1/2010,0DaPeEFUOhU,Extremists S2E217 - Surf or Die,1,,YouTube,1.1
11/1/2010,0DaPeEFUOhU,Extremists S2E217 - Surf or Die,1,,YouTube,1.1
8/1/2010,0Di1Fo2nQNE,"Global Treasures S2E1007 - FORBIDDEN CITY Beijing, China",1,,YouTube,1.1
11/1/2010,0jfw-gSw0Z0,7 Days S1E102 - KENYA,1,,YouTube,1.1
2/1/2010,0jWey9W0A9U,"GOLFE DU MORBIHAN Bretagne, France",1,,YouTube,1.1
7/1/2010,0K2YkfQi71o,Global Treasures S2E1041 - EZE France,1,,YouTube,1.1
9/1/2010,0k7pclxdhKY,Global Treasures S2E1141 - SKOGSKYSKOGARDEN the Woodland Cemetery Stockholm Sweden,1,,YouTube,1.1
10/1/2010,0k7pclxdhKY,Global Treasures S2E1141 - SKOGSKYSKOGARDEN the Woodland Cemetery Stockholm Sweden,1,,YouTube,1.1
10/1/2010,0MFuFlx1S6I,"Weekend Explorer S1E107 - Elk Meadows, Utah",1,,YouTube,1.1
11/1/2010,0QlvD7pzLBI,Global Treasures S1E1079 - ST. PETERSBURG Russia,1,,YouTube,1.1
3/1/2010,0TOuR16Umew,ROMA (Rome) Italy,1,,YouTube,1.1
10/1/2010,0Vn2A4daDNE,Exploring Horizons S1E3059 - Divine by Nature - Futaleafu,1,,YouTube,1.1
3/1/2010,0Vyy45vnh7E,The Minoans,2,,YouTube,1.1
5/1/2010,0Vyy45vnh7E,Legacy of Ancient Civilizations S1E9 - The Minoans,1,,YouTube,1.1
7/1/2010,0Vyy45vnh7E,The Minoans,1,,YouTube,1.1
9/1/2010,0Vyy45vnh7E,The Minoans,2,,YouTube,1.1
11/1/2010,0Vyy45vnh7E,The Minoans,1,,YouTube,1.1
11/1/2010,0XTaCF7gJfs,"4,000 Miles on the..  Amazon",1,,YouTube,1.1
12/1/2010,13PgfjdFtWs,7 Days - Spain,1,,YouTube,2.2
3/1/2010,1aLOXnmeoME,Ancient Arabia,4,,YouTube,0.825
4/1/2010,1aLOXnmeoME,Ancient Arabia,1,,YouTube,1.1
5/1/2010,1AzT1PG8nqI,"Global Treasures S1E1183 - VILLA ADRIANA Hadrian's Villa Rome, Italy",2,,YouTube,1.1
3/1/2010,1KTcpyVZNsM,Yorkshire Steam,1,,YouTube,1.1
10/1/2010,1M1mftNsIR8,"Weekend Explorer S3E304 - Mackinac Island, Michigan",1,,YouTube,1.1
7/1/2010,1mg8-Glz7Y8,Cities of the World S1E43 - LONDON United Kingdom,1,,YouTube,1.1
8/1/2010,1mg8-Glz7Y8,Cities of the World S1E43 - LONDON United Kingdom,1,,YouTube,1.1
2/1/2010,1N1ppZFfFJw,Corfu,1,,YouTube,1.1
3/1/2010,1nMSwmKKV4M,Savannah & Charleston Tale of Two Cities,1,,YouTube,1.1
3/1/2010,1SfJco95igk,Transilvania Romania,1,,YouTube,1.1
6/1/2010,1ty_eP3zJWQ,COSMOS GLOBAL DOCUMENTARIES S1E146 - IN THE LAND OF THE NABATEANS Arabia's Mystic Traders,1,,YouTube,1.1
12/1/2010,1v5kN8NN-XY,COSMOS GLOBAL DOCUMENTARIES S1E138 - Paradise on Earth Episode 3,1,,YouTube,2.2
5/1/2010,2Aqu4pwt0CA,Terra Mystica S1E123 - LEPTIS MAGNA Libya,1,,YouTube,1.1
8/1/2010,2cgB_jMZNS8,LAOS,1,,YouTube,1.1
11/1/2010,2cgB_jMZNS8,LAOS,1,,YouTube,1.1
5/1/2010,2cLcsbEdn7E,Let's Shop S2E206 - Boston Massachusetts USA,1,,YouTube,1.1
7/1/2010,2cLcsbEdn7E,Let's Shop S2E206 - Boston Massachusetts USA,1,,YouTube,1.1
7/1/2010,2LfZWbpp2YE,Vista Point S1E130 - MADRID Spain,1,,YouTube,1.1
2/1/2010,2mzkN5NIujo,Europe's Classic Romantic Inns Scotland,1,,YouTube,1.1
11/1/2010,2nF5pwgPH4A,IMAX S1E2 - Bears,1,,YouTube,1.1
9/1/2010,2qeDAHSTydo,Nature Parks S1E118 - DEATH VALLEY California,1,,YouTube,1.1
6/1/2010,2RR_5HC9ORk,"Weekend Explorer S1E108 - Carlsbad, New Mexico",1,,YouTube,1.1
9/1/2010,2RR_5HC9ORk,"Weekend Explorer S1E108 - Carlsbad, New Mexico",1,,YouTube,1.1
10/1/2010,2sAy1hhk_uE,The New Great Game S1E102 - Reaping The Whirlwind,1,,YouTube,4.4
12/1/2010,2X3GUA28p-s,Terra Mystica S1E108 - CHINESE WALL China,1,,YouTube,1.1
9/1/2010,2Xmw-c8WC_Q,Ngari S1E1 - Kailash,1,,YouTube,1.1
3/1/2010,3938MmVi_Q0,COLISEUM Italy,1,,YouTube,1.1
8/1/2010,3EQR6FHXmME,Nature Parks S1E106 - ACADIA NATIONAL PARK Maine,1,,YouTube,1.1
9/1/2010,3GlEVgQl8sA,Emperor of the Seas,1,,YouTube,1.1
10/1/2010,3GlEVgQl8sA,Emperor of the Seas,1,,YouTube,1.1
12/1/2010,3GlEVgQl8sA,Emperor of the Seas,1,,YouTube,1.1
11/1/2010,3LwQHjdFnQw,Golden Gate Bridge California,1,,YouTube,1.1
8/1/2010,3Q-BZ9YXjfQ,Dive Travel S1ECosta - Costa Rica,1,,YouTube,1.1
11/1/2010,3XMS2QFMC7U,Mysteries S1E3 - Noah and the Flood,2,,YouTube,1.65
6/1/2010,3-XXfWnAX-A,Bikini Destinations S1EVenus - Venus Model Search,1,,YouTube,1.1
9/1/2010,3-XXfWnAX-A,Bikini Destinations S1EVenus - Venus Model Search,1,,YouTube,1.1
11/1/2010,41SpQmi0sLE,Garden Travels S1E154 - Topiary Ruth Bancroft Garden,1,,YouTube,1.65
3/1/2010,46n5UMiQBDE,Colorado,1,,YouTube,1.1
8/1/2010,46n5UMiQBDE,Equitrekking S1E104 - Colorado,1,,YouTube,1.1
4/1/2010,4o6AUDprcws,Catalina Island,1,,YouTube,1.1
10/1/2010,4o6AUDprcws,Bikini Destinations S1ECata - Catalina Island,1,,YouTube,1.1
12/1/2010,4oaepeogvRo,Atlantis Hotel & Resort Nassau Bahama,1,,YouTube,1.1
6/1/2010,4P82WRzPZ7Y,Great Chefs of Austria S1E103 - Chef Jaroslav Muller Vienna Hotel Sacher,1,,YouTube,1.1
5/1/2010,4PVJbu3Edgg,Travelview International S1E20 - Philippines,2,,YouTube,1.1
11/1/2010,4PVJbu3Edgg,Travelview International S1E17 - Philippines,1,,YouTube,1.1
5/1/2010,4xIXE4ce_GU,FES Morocco,1,,YouTube,1.1
4/1/2010,4yaCJuCq1DU,Wynn Resort Las Vegas,1,,YouTube,1.1
11/1/2010,4YqlmiCPxQA,Weekend Explorer S2E206 - Hong Kong City Of Life,1,,YouTube,1.1
3/1/2010,53xjojwWPiU,Extreme Air,1,,YouTube,1.1
12/1/2010,54DTnu2YXZM,Great Chefs of Austria S1E108 - Chef Helmut Osterreicher Vienna Restaurant Steirereck,1,,YouTube,1.1
3/1/2010,5bPayqL5VxI,Voluntourism,1,,YouTube,1.1
11/1/2010,5nRuYisaozw,Beaches In A Box,1,,YouTube,1.1
10/1/2010,5qwS7HSbppc,Vista Point S1E162 - MEXICO CITY Mexico,1,,YouTube,1.1
7/1/2010,5XgblA8lcmc,The Seasoned Traveler S2E202 - New York State From End to End,1,,YouTube,1.1
11/1/2010,5XgblA8lcmc,The Seasoned Traveler S2E202 - New York State From End to End,1,,YouTube,1.1
8/1/2010,5yS0zPgtGfM,Culinary Travels S2E226 - Turks & Caicos Island Paradise,1,,YouTube,1.1
12/1/2010,5ZlLIApB8bQ,Vista Point S1E178 - UNITED ARAB EMIRATES,1,,YouTube,1.1
10/1/2010,-61S7jnNg5M,Let's Shop S2E204 - Toronto Canada,1,,YouTube,1.1
12/1/2010,63oQGbSlzAQ,Vista Point S1E223 - AMMAN Jordan,1,,YouTube,1.1
9/1/2010,69UapwFRV2U,Discovering Provence S1E102 - Marseille and Toulon,1,,YouTube,1.1
11/1/2010,6a8kD1b0hsA,Vista Point S1E160 - BHAKTAPUR Nepal,1,,YouTube,1.1
4/1/2010,6gKUiL6BusY,Corsica France,1,,YouTube,1.1
5/1/2010,6gKUiL6BusY,Cities of the World S1E14 - Corsica France,1,,YouTube,1.1
3/1/2010,6gSFKKEdshI,CAPE TOWN South Africa,2,,YouTube,0.55
1/1/2010,6gSFKKEdshI,Skimming the Surface,1,,YouTube,1.1
2/1/2010,6gSFKKEdshI,CAPE TOWN South Africa,1,,YouTube,1.1
12/1/2010,6hTrq4geKRI,7 Days - Bahamas,1,,YouTube,2.2
10/1/2010,6IrCOWK2UiY,Equitrekking S2E206 - Irish Countryside,1,,YouTube,1.1
11/1/2010,6IrCOWK2UiY,Equitrekking S2E206 - Irish Countryside,1,,YouTube,1.1
4/1/2010,6NqyNN9IBrA,A Bare Necessities Nude Cruise,1,,YouTube,2.75
7/1/2010,6NqyNN9IBrA,The Nude Traveler S1E104 - A Bare Necessities Nude Cruise,1,,YouTube,2.75
8/1/2010,6NqyNN9IBrA,The Nude Traveler S1E104 - A Bare Necessities Nude Cruise,1,,YouTube,2.75
10/1/2010,6NqyNN9IBrA,The Nude Traveler S1E104 - A Bare Necessities Nude Cruise,1,,YouTube,2.75
11/1/2010,6NqyNN9IBrA,The Nude Traveler S1E104 - A Bare Necessities Nude Cruise,2,,YouTube,2.75
12/1/2010,6NqyNN9IBrA,The Nude Traveler S1E104 - A Bare Necessities Nude Cruise,1,,YouTube,2.75
5/1/2010,6Sk25F-c9nA,On Tour S1E148 - ANTARCTICA,1,,YouTube,1.1
11/1/2010,6zfY7SFPS-0,7 Days S1E120 - ITALIA Italy,1,,YouTube,1.1
11/1/2010,7_vHUHVs7pM,Vista Point S1E192 - CORDOBA Spain,1,,YouTube,1.1
8/1/2010,786jqIhJXv8,World's Greatest Festivals S1E49464 - The Ultimate Guide to Running of The Bulls Festival,1,,YouTube,1.1
8/1/2010,7I3gLF97dUU,Culinary Travels S1E108 - Chilean Wine Trailblazers,1,,YouTube,1.1
3/1/2010,7I7v8VG039M,Aquarium In A Box,1,,YouTube,1.1
12/1/2010,7IUz363BfdI,"Modern Times Wonders S1E109 - TOUR d'EIFFEL Paris, France",1,,YouTube,1.1
12/1/2010,7JRNLDFso4U,"COSMOS GLOBAL DOCUMENTARIES S1E149 - East Africa Kenya, Tanzania",1,,YouTube,2.2
8/1/2010,7nnEaBX0rqQ,7 Days S1E117 - NEW ENGLAND,1,,YouTube,1.1
9/1/2010,7NxhHby-ZUk,Vista Point S1E185 - BERLIN Germany,1,,YouTube,1.1
10/1/2010,7OJ-Tx8iLz8,"Weekend Explorer S3E310 - Hobart, Tasmania",1,,YouTube,1.1
4/1/2010,89FmmoJwbUc,JOHANNESBURG South Africa,1,,YouTube,1.1
11/1/2010,89FmmoJwbUc,Vista Point S1E125 - JOHANNESBURG South Africa,2,,YouTube,1.1
9/1/2010,89Iw5h--Geg,Global Treasures S1E1057 - VERSAILLES France,1,,YouTube,1.1
10/1/2010,89Iw5h--Geg,Global Treasures S1E1057 - VERSAILLES France,1,,YouTube,1.1
11/1/2010,89Iw5h--Geg,Global Treasures S1E1057 - VERSAILLES France,2,,YouTube,1.1
12/1/2010,89Iw5h--Geg,Global Treasures S1E1057 - VERSAILLES France,2,,YouTube,1.1
3/1/2010,8CMNfuOmnv4,A Bare Necessities Mediterranean Nude Cruise,1,,YouTube,2.75
6/1/2010,8CMNfuOmnv4,The Nude Traveler S1E105 - A Bare Necessities Mediterranean Nude Cruise,1,,YouTube,2.75
7/1/2010,8CMNfuOmnv4,The Nude Traveler S1E105 - A Bare Necessities Mediterranean Nude Cruise,2,,YouTube,2.75
9/1/2010,8CMNfuOmnv4,The Nude Traveler S1E105 - A Bare Necessities Mediterranean Nude Cruise,1,,YouTube,2.75
11/1/2010,8CMNfuOmnv4,The Nude Traveler S1E105 - A Bare Necessities Mediterranean Nude Cruise,1,,YouTube,2.75
12/1/2010,8CMNfuOmnv4,The Nude Traveler S1E105 - A Bare Necessities Mediterranean Nude Cruise,3,,YouTube,2.75
9/1/2010,8D_-619eMx0,"Weekend Explorer S2E201 - Santa Fe, New Mexico",1,,YouTube,1.1
11/1/2010,8eNzOD-dlkQ,Cities of the World S1E29 - HONG KONG China,1,,YouTube,1.1
9/1/2010,8gPW5Y22kXU,Vista Point S1E166 - SULTANATE OF OMAN Oman,1,,YouTube,1.1
10/1/2010,8lQl41HYw8o,Adventures in Europe S1E103 - Munich and Prague Oktoberfest - The Bavarian Bohemian Adventure,1,,YouTube,1.1
3/1/2010,8mmEGVKUHMY,GREAT CATHEDRALS OF THE WORLD,1,,YouTube,1.1
5/1/2010,8mmEGVKUHMY,COSMOS GLOBAL DOCUMENTARIES S1E130 - GREAT CATHEDRALS OF THE WORLD,1,,YouTube,1.1
11/1/2010,8mmEGVKUHMY,COSMOS GLOBAL DOCUMENTARIES S1E130 - Great Cathedrals of the World,1,,YouTube,1.1
12/1/2010,8mmEGVKUHMY,COSMOS GLOBAL DOCUMENTARIES S1E130 - Great Cathedrals of the World,1,,YouTube,2.2
1/1/2010,8upwUtbkG_8,History Of World War II The Japanese Paranoia,1,,YouTube,1.1
9/1/2010,8vppOHP8v3I,Ephesus,1,,YouTube,1.1
7/1/2010,94mNz8oL5Ek,Vista Point S2E250 - Tierra del Fuego,1,,YouTube,1.1
2/1/2010,9jAMWi1Nzj8,Ocean Oasis Two Worlds - One Paradise,1,,YouTube,1.1
4/1/2010,9T37c86DyLg,VOYAGER OF THE SEAS - Royal Caribbean,1,,YouTube,1.1
12/1/2010,9T37c86DyLg,EXTRAVAGANZA S1E11 - VOYAGER OF THE SEAS - Royal Caribbean,1,,YouTube,1.1
10/1/2010,9WVMV2ILIsA,"Weekend Explorer S1E111 - Eureka, California",1,,YouTube,1.1
10/1/2010,A7HUBXnnPvY,Vista Point S1E208 - CHIANG MAI Thailand,1,,YouTube,1.1
8/1/2010,ABbEVEVs__A,Cities of the World S1E22 - DUBAI United Arab Emirates,1,,YouTube,1.1
12/1/2010,ABbEVEVs__A,Cities of the World S1E22 - DUBAI United Arab Emirates,1,,YouTube,1.1
10/1/2010,AgI9KqxSM7Q,A Video Coffee Table Book S1E101 - Sedona A Video Diary,1,,YouTube,1.1
5/1/2010,Aj20JsL6I1o,Vista Point S1E164 - CARIBBEAN ISLANDS,1,,YouTube,1.1
12/1/2010,Aj20JsL6I1o,Vista Point S1E164 - CARIBBEAN ISLANDS,1,,YouTube,1.1
9/1/2010,AKZ-nW9rlsA,IMAX S1E14 - Life in the Balance Lost Worlds Hosted by Harrison Ford,1,,YouTube,1.1
8/1/2010,APKgH0Oha5w,Cities of the World S1E67 - SOUTH AFRICA,1,,YouTube,1.1
10/1/2010,APKgH0Oha5w,Cities of the World S1E67 - SOUTH AFRICA,1,,YouTube,1.1
2/1/2010,ATus_Urd93Q,Silk Road Journey From China Through Central Asia,1,,YouTube,1.1
3/1/2010,ATus_Urd93Q,Silk Road Journey From China Through Central Asia,1,,YouTube,1.1
9/1/2010,ATus_Urd93Q,Silk Road Journey From China Through Central Asia,1,,YouTube,1.1
7/1/2010,avcayHMQpuo,Vista Point S1E127 - CASABLANCA Morocco,1,,YouTube,1.1
12/1/2010,avcayHMQpuo,Vista Point S1E127 - CASABLANCA Morocco,1,,YouTube,1.1
4/1/2010,aWhoH6DTMKM,"Great White Sharks Isla de Guadalupe, Mexico",1,,YouTube,1.1
12/1/2010,aX5b08C_xdo,COSMOS GLOBAL DOCUMENTARIES S1E153 - TRIPOLITANIA - Libya,1,,YouTube,1.1
2/1/2010,aZuMrdba8SY,La Nouvelle Orleans,1,,YouTube,1.1
2/1/2010,b2g3eGSotyM,LAOS,1,,YouTube,1.1
11/1/2010,b2g3eGSotyM,7 Days S1E159 - LAOS,1,,YouTube,1.1
3/1/2010,B5jq_dV6iac,Slovenia,1,,YouTube,1.1
10/1/2010,B5jq_dV6iac,The Seasoned Traveler S2E204 - Slovenia,1,,YouTube,1.1
10/1/2010,bbQ1wH17hPM,Cities of the World S1E1 - Across the USA,1,,YouTube,1.1
8/1/2010,bCsExzigM4I,World Destinations S1E167 - Berlin,1,,YouTube,1.1
12/1/2010,BdGEUIjMcXs,The Best of Sun Destinations,1,,YouTube,1.1
10/1/2010,BDvo-36oI2U,Cities of the World S1E27 - GREECE,1,,YouTube,1.1
3/1/2010,be5VneV2qpg,A Surprise in the Ring,1,,YouTube,1.1
5/1/2010,be5VneV2qpg,Extremists S3E312 - A Surprise in the Ring,1,,YouTube,1.1
8/1/2010,Bgw63u7X3ec,Alternate Routes S1E2243 - Costa Rica,1,,YouTube,1.1
1/1/2010,bMot79NuoQc,"Pisa, Italy",1,,YouTube,1.1
10/1/2010,BnwjjqDAXe4,EXTRAVAGANZA S1E15 - CARNEVALE OF VENICE Kaleidoscope Of Spectacular Rituals - Italy,1,,YouTube,1.1
3/1/2010,bO60UcG5_K8,Big Sky Country Montana,1,,YouTube,1.1
8/1/2010,bO60UcG5_K8,Passport to Adventure S1E108 - Big Sky Country Montana,1,,YouTube,1.1
4/1/2010,BUoSiT-tOVc,Rufina and Pontassieve,1,,YouTube,1.1
3/1/2010,bvO66xwZ6qI,Mumbai India,1,,YouTube,1.1
10/1/2010,BW7zzVuFgm8,Guge: The Lost Kingdom of Tibet,1,,YouTube,1.1
8/1/2010,C_qJGaOdu_Q,UTAH USA,1,,YouTube,1.1
4/1/2010,c3GhHpd3Z0I,Destination Montreal,2,,YouTube,1.1
5/1/2010,C5oE_GzLU2o,Nature Parks S1E132 - RAPA NUI Eastern Islands / Chile,1,,YouTube,1.1
10/1/2010,c78Sf5BW1m4,Venezuela,2,,YouTube,1.1
3/1/2010,Ca-88FN-WWg,OKAVANGO DELTA Botswana,1,,YouTube,1.1
5/1/2010,Cb3SbJudJkU,Terra Mystica S1E116 - MONUMENT VALLEY U.S.A.,1,,YouTube,1.1
3/1/2010,cBoSUH61_dE,AMSTERDAM Holland,1,,YouTube,1.1
4/1/2010,cBoSUH61_dE,AMSTERDAM Holland,1,,YouTube,1.1
11/1/2010,cDXtX6WdmjI,Great Chefs of Austria S1E112 - Chef Harald Fargel Vienna Restaurant Figlmuller,1,,YouTube,1.1
12/1/2010,cDXtX6WdmjI,Great Chefs of Austria S1E112 - Chef Harald Fargel Vienna Restaurant Figlmuller,1,,YouTube,1.1
2/1/2010,ceESYYQPwxU,Buenos Aires Argentina,1,,YouTube,1.1
9/1/2010,cGUOVtyMANY,Extremists S3E324 - Facing the Void,1,,YouTube,1.1
4/1/2010,CGxq5TGP60k,Alaska,1,,YouTube,1.1
8/1/2010,CGxq5TGP60k,Equitrekking S4E406 - Alaska,1,,YouTube,1.1
12/1/2010,CH68pr2uXwk,Let's Shop S2E208 - Copenhagen,1,,YouTube,1.1
4/1/2010,cJvWvK5kZrM,SOUTH KOREA,1,,YouTube,1.1
5/1/2010,cJvWvK5kZrM,7 Days S1E166 - SOUTH KOREA,2,,YouTube,1.1
8/1/2010,cJvWvK5kZrM,7 Days S1E166 - SOUTH KOREA,1,,YouTube,1.1
9/1/2010,cmBwGLmL9Ng,Destination Seattle,1,,YouTube,1.1
2/1/2010,CMJ3lfDa098,Tahiti/Moorea,1,,YouTube,1.1
9/1/2010,Cn5tVhgXlmw,"Global Treasures S1E1176 - ALBAICIN El Albayzin Granada Andalucia, Spain",1,,YouTube,1.1
3/1/2010,CQzJO8BlCeE,Back in Time,1,,YouTube,1.1
10/1/2010,cRJmq7fGc7g,"North America's National Parks Grand Canyon, Yosemite, Olympic, Death Valley and More..",1,,YouTube,1.1
2/1/2010,Cu9z_8G8Uy4,The Minoans,2,,YouTube,1.1
4/1/2010,Cu9z_8G8Uy4,The Minoans,1,,YouTube,1.1
11/1/2010,Cu9z_8G8Uy4,Legacy of Ancient Civilizations S1E5 - The Minoans,1,,YouTube,1.1
12/1/2010,CUValYxTIVg,Island Hoppers S1EBAHA - Eleuthera Bahamas,1,,YouTube,1.1
10/1/2010,cxhfOJHbde8,The Seasoned Traveler S1E106 - Mexican Heritage,1,,YouTube,1.1
8/1/2010,cXKYUb0Wg3M,Vista Point S1E240 - KOLKATA India,1,,YouTube,1.1
3/1/2010,CxRpnRyZfM0,Thera/Santorini,2,,YouTube,1.1
11/1/2010,CxRpnRyZfM0,Legacy of Ancient Civilizations S1E6 - Thera/Santorini,2,,YouTube,1.1
9/1/2010,CZFiaeuVSxc,Let's Shop S1E106 - Istanbul Turkey,2,,YouTube,1.1
11/1/2010,D_kkEryf6_8,The Seasoned Traveler S1E102 - RV - Right for You?,1,,YouTube,1.1
3/1/2010,D4vhkIV7meM,Barcelona Spain,2,,YouTube,1.1
3/1/2010,d5HpWXkgncw,TOSCANA Italy,1,,YouTube,1.1
4/1/2010,d5HpWXkgncw,TOSCANA Italy,1,,YouTube,1.1
2/1/2010,d68jqKIY6V0,Malama Ka Aina,1,,YouTube,1.1
3/1/2010,d68jqKIY6V0,Malama Ka Aina,1,,YouTube,1.1
6/1/2010,d68jqKIY6V0,Malama Ka Aina,1,,YouTube,1.1
2/1/2010,dbRSgvI_-jg,"Destination Amsterdam with stops in Belgium, Germany and Czech Republic",1,,YouTube,1.1
10/1/2010,dbRSgvI_-jg,"Adventures in Europe S1E101 - Destination Amsterdam with stops in Belgium, Germany and Czech Republic",1,,YouTube,1.1
11/1/2010,dbRSgvI_-jg,"Adventures in Europe S1E101 - Destination Amsterdam with stops in Belgium, Germany and Czech Republic",2,,YouTube,1.1
9/1/2010,DCmXmZCqDl0,The West Somerset Railway From The Footplate,1,,YouTube,1.1
9/1/2010,DD9tFP3nJRk,The Little Travelers S1E102 - Japan,1,,YouTube,1.1
10/1/2010,DD9tFP3nJRk,The Little Travelers S1E102 - Japan,1,,YouTube,1.1
8/1/2010,dF24TmmigrM,Equitrekking S4E401 - Southern Spain,2,,YouTube,1.1
10/1/2010,dF24TmmigrM,Equitrekking S4E401 - Southern Spain,1,,YouTube,1.1
5/1/2010,DgkEilIoFAw,Let's Shop S1E110 - Tokyo Japan,2,,YouTube,1.1
6/1/2010,DgkEilIoFAw,Let's Shop S1E110 - Tokyo Japan,1,,YouTube,1.1
2/1/2010,dik7l-VXwBo,YELLOWSTONE NATIONAL PARK USA,1,,YouTube,1.1
2/1/2010,DKdwCJ2yybU,STEP AEROBIC General Fitness And Trim Legs,2,,YouTube,1.1
4/1/2010,dkt2m22IOAs,From The Driver's Point Of View I,1,,YouTube,1.1
2/1/2010,dOuYkAAuwGY,French Riveria,1,,YouTube,1.1
6/1/2010,dOuYkAAuwGY,Bikini Destinations S1EFrenc - French Riveria,1,,YouTube,1.1
11/1/2010,dOuYkAAuwGY,Bikini Destinations S1EFrenc - French Riveria,1,,YouTube,1.1
2/1/2010,drZYEDhaU_0,Urubamba,1,,YouTube,1.1
8/1/2010,Dx08pmMP0q4,Budapest Queen Of The Danube,1,,YouTube,1.1
7/1/2010,dxCzu1v56x8,Scenic Tours Of Oahu,1,,YouTube,1.1
9/1/2010,DyMv_m1XoZA,Bikini Destinations S1ESONE - Best of Season One,1,,YouTube,1.1
11/1/2010,DZ6qLasBBjU,History of WWII S1E12 - Germany Destroyed,1,,YouTube,1.1
2/1/2010,Dz9PmqwYm0Q,Inside Iraq The Untold Stories,1,,YouTube,1.1
10/1/2010,Dz9PmqwYm0Q,Inside Iraq The Untold Stories,1,,YouTube,1.1
2/1/2010,e1I1bKldfI0,Turks and Caicos,2,,YouTube,1.1
4/1/2010,e1I1bKldfI0,Turks and Caicos,1,,YouTube,1.1
5/1/2010,e2uycpnYAn4,Island Hoppers S1ETHOM - St Thomas,1,,YouTube,1.1
7/1/2010,e2uycpnYAn4,Island Hoppers S1ETHOM - St Thomas,1,,YouTube,1.1
12/1/2010,e2uycpnYAn4,Island Hoppers S1ETHOM - St Thomas,1,,YouTube,1.1
6/1/2010,e2V2L9d6Zg0,Bikini Destinations S1EVegas - Las Vegas,1,,YouTube,1.1
7/1/2010,e2V2L9d6Zg0,Bikini Destinations S1EVegas - Las Vegas,1,,YouTube,1.1
11/1/2010,e6J2jMumpTU,Globe Riders S1E02011 - Indochina Expedition,2,,YouTube,1.1
11/1/2010,e7QcRui_0Os,On Tour S1E111 - CANADIAN ROCKIES Highway Across Paradise,1,,YouTube,1.1
8/1/2010,EA7T6IfpJi8,Vines Down Under Wine Regions of Australia and New Zealand,1,,YouTube,1.1
12/1/2010,E-b-6F7DaA0,Great Chefs of Austria S1E101 - Chef Manfred Buchinger Vienna Inter-Continental a Four Seasons Hotel,1,,YouTube,1.1
7/1/2010,EFcExJo3VEI,Vista Point S2E245 - Patagonia Argentina,1,,YouTube,1.1
9/1/2010,eGlUIqkr7iA,Nature Wonders S1E125 - GRAND STAIRCASE Utah U.S.A.,1,,YouTube,1.1
8/1/2010,ekFdQt2c1OQ,7 Days S1E146 - FINLAND,1,,YouTube,1.1
8/1/2010,EkuGOj101w4,Extremists S1E105 - Waves of Hawaii,1,,YouTube,1.1
10/1/2010,EnLptrttUWE,"Gardens of the World S1E123 - VERSAILLES Paris, France",1,,YouTube,1.1
2/1/2010,ePBAx_7d8PQ,Dreaming Nevada,1,,YouTube,1.1
5/1/2010,Epkl3XSTFEg,7 Days S1E156 - NORWAY,1,,YouTube,1.1
8/1/2010,Epkl3XSTFEg,7 Days S1E156 - NORWAY,1,,YouTube,1.1
3/1/2010,esOORIWv-aA,Ancient Arabia,1,,YouTube,1.1
12/1/2010,E-xgHubja2c,Lighthouses of Maine S1E7 - West Coast Lighthouses,1,,YouTube,1.65
2/1/2010,eXl4JEkRtGA,Timeless A National Park Odyssey,1,,YouTube,1.1
3/1/2010,f-_dwtsR5eI,PHNOM PENH Cambodia,1,,YouTube,1.1
2/1/2010,F1vniEKu6aU,CELLULITIS-GYM Health And Beauty Exercises,1,,YouTube,1.1
8/1/2010,f7e2SUxXkeI,"Cities of the World S1E71 - TENERIFE CANARY ISALAND, Spain",1,,YouTube,1.1
10/1/2010,FDf63RQK8Qw,Cities of the World S1E50 - MUNICH Germany,1,,YouTube,1.1
2/1/2010,FF2T3OU8Ek8,Rome Italy,1,,YouTube,1.1
8/1/2010,FF2T3OU8Ek8,Cities of the World S1E59 - ROME Italy,1,,YouTube,1.1
10/1/2010,FF2T3OU8Ek8,Cities of the World S1E59 - ROME Italy,1,,YouTube,1.1
8/1/2010,fGnV3tOjYn4,Europe's Classic Romantic Inns Gstaad Switzerland,1,,YouTube,1.1
7/1/2010,FhFDY5lmeIA,Extreme Environments S1E124 - Drought,1,,YouTube,1.1
2/1/2010,Fj3nL9_s3Hk,Hawaii,1,,YouTube,1.1
12/1/2010,FVIqp0IHA2A,Global Treasures S1E1255 - JERASH Jordan,1,,YouTube,1.1
12/1/2010,Fw2ZT8fNeHA,Cities of the World S1E39 - JORDAN,1,,YouTube,1.1
4/1/2010,fWHHMqN_WOU,Carolinas,1,,YouTube,1.1
5/1/2010,FZFTTPHs-L4,Great American Festivals S1E101 - Albuquerque International Balloon Fiesta,1,,YouTube,1.1
7/1/2010,FZpsnCc2-rs,Travelview International S1E9 - Singapore,1,,YouTube,1.1
11/1/2010,g06JU56eJ6k,On Tour S1E135 - S 1 -VIETNAM A Train Journey Through Central Vietnam,1,,YouTube,1.1
12/1/2010,g06JU56eJ6k,On Tour S1E135 - S 1 -VIETNAM A Train Journey Through Central Vietnam,1,,YouTube,1.1
4/1/2010,G4qlxdSxmQE,Exotic Northern Thailand,1,,YouTube,1.1
1/1/2010,G74e7xoN6XU,CAPE TOWN South Africa,2,,YouTube,0.55
12/1/2010,Gca63fgTKH4,"Weekend Explorer S3E305 - Maine Highlands, Maine",1,,YouTube,1.1
9/1/2010,Ge6WU0F-D5w,Terra Mystica S1E118 - PETRA Jordan,1,,YouTube,1.1
11/1/2010,Ge6WU0F-D5w,Terra Mystica S1E118 - PETRA Jordan,2,,YouTube,1.1
8/1/2010,GeF9b4hRoVA,Equitrekking S3E305 - Texas,1,,YouTube,1.1
8/1/2010,gHZYjgV9zio,The Key West DVD - Bring the Island Home on DVD,1,,YouTube,1.1
12/1/2010,gNxR4zkBQ5I,7 Days S1E162 - SYRIA,1,,YouTube,2.2
7/1/2010,Gpo7id3iphU,The Seasoned Traveler S2E212 - Retiring to Panama,1,,YouTube,1.1
8/1/2010,Gpo7id3iphU,The Seasoned Traveler S2E212 - Retiring to Panama,1,,YouTube,1.1
12/1/2010,gWiQUNLJihU,"Global Treasures S2E1039 - FORUM ROMANUM Rome, Italy",1,,YouTube,1.1
8/1/2010,gzvFCM3tPAs,"Transcaucasus: Georgia, Armenia, & Azerbaijan",1,,YouTube,1.1
9/1/2010,gzvFCM3tPAs,"Transcaucasus: Georgia, Armenia, & Azerbaijan",1,,YouTube,1.1
6/1/2010,h0tujgNmm4w,Cities of the World S1E61 - SALZBURG Austria,1,,YouTube,1.1
10/1/2010,h0tujgNmm4w,Cities of the World S1E61 - SALZBURG Austria,1,,YouTube,1.1
6/1/2010,h1kVO59ZN6A,Extremists S1E103 - Battling the Blaze,1,,YouTube,1.1
9/1/2010,H7FKH5VulwQ,Historic Travel US S1E3 - In the Grip of The Great Depression Volume I,1,,YouTube,1.1
4/1/2010,hcEkS4YbDvI,Key West A Diving Adventure,1,,YouTube,1.1
7/1/2010,hcFLzLM0v3c,America & the Passenger Train,1,,YouTube,1.1
8/1/2010,hcFLzLM0v3c,America & the Passenger Train,1,,YouTube,1.1
2/1/2010,hIaMCmXLzFM,Amsterdam,1,,YouTube,1.1
4/1/2010,hIaMCmXLzFM,Amsterdam,1,,YouTube,1.1
10/1/2010,hICx_W7usyY,National Parks Of The USA And Canada,1,,YouTube,1.1
4/1/2010,Hk_-bdtCRYQ,Sturgis Motorcycle Rally,1,,YouTube,1.1
12/1/2010,hL2Exo32uk0,COSMOS GLOBAL DOCUMENTARIES S1E121 - Africa,1,,YouTube,2.2
7/1/2010,hOr5eWJ3Mhc,COSMOS GLOBAL DOCUMENTARIES S1E114 - In the Land of the Pharaos,1,,YouTube,1.1
12/1/2010,H-pubR_rJ14,7 Days S1E153 - IRELAND,1,,YouTube,2.2
8/1/2010,hpuu4FIwYt4,Modern Times Wonders S1E103 - VOYAGER OF THE SEAS Royal Carribean Cruise Lines,1,,YouTube,1.1
11/1/2010,humM48jP8q8,Nature Parks S1E127 - MESA VERDE NATIONAL PARK Colorado,1,,YouTube,1.1
4/1/2010,HV6vEm-LyXQ,Fiji Part A,1,,YouTube,1.1
2/1/2010,HWl4XabIjF0,The 'Good Life' in Hungary,1,,YouTube,1.1
10/1/2010,Hwpon-cTgxs,COSMOS GLOBAL DOCUMENTARIES S1E108 - VENEZUELA,1,,YouTube,1.1
4/1/2010,HZedhlAPgG0,Ships: Enchantment of the Seas and Seabourn Pride Port: Toronto Ontario Canada,2,,YouTube,0.55
3/1/2010,HZedhlAPgG0,Ships: Enchantment of the Seas and Seabourn Pride Port: Toronto Ontario Canada,1,,YouTube,1.1
9/1/2010,HZedhlAPgG0,Porthole TV S1E104 - Ships: Enchantment of the Seas and Seabourn Pride Port: Toronto Ontario Canada,1,,YouTube,1.1
7/1/2010,HzrNpnG5lg0,COSMOS GLOBAL DOCUMENTARIES S1E123 - SICILY -Treasure Trove Of History,1,,YouTube,1.1
3/1/2010,i1nh1nxVtO4,AGUA AZUL Mexico,1,,YouTube,1.1
9/1/2010,i8OwvP6ou-I,Alternate Routes S1E2144 - Bangkok,1,,YouTube,1.1
7/1/2010,Ia4RGxGlF9E,Beyond the List S1ENY - New York,1,,YouTube,1.1
10/1/2010,IcgHJuVML_8,Travelview International S1E14 - Malaysia,1,,YouTube,1.1
2/1/2010,ifOFe4Zy9os,A Streetcar Named Desire,1,,YouTube,1.1
2/1/2010,IFsFgh-bOhg,Legacy of Ancient Civilizations The Minoans  (2009),1,,YouTube,1.1
9/1/2010,IgmrzNg1RBc,Historic Travel US S1E4 - In the Grip of The Great Depression Volume II,1,,YouTube,1.1
5/1/2010,IL4vcVRXqWs,Vista Point S1E184 - KATHMANDU VALLEY Nepal,1,,YouTube,1.1
8/1/2010,iLZhzPmBBaU,Europe's Classic Romantic Inns Gstaad Switzerland,1,,YouTube,1.1
8/1/2010,In8Z6lhkaP0,Equitrekking S2E201 - Coastal Ireland,1,,YouTube,1.1
10/1/2010,In8Z6lhkaP0,Equitrekking S2E201 - Coastal Ireland,1,,YouTube,1.1
3/1/2010,iNVi-bH6MOY,Sportsman's Paradise,1,,YouTube,1.1
4/1/2010,IOIpCo7uv_c,DENVER Colorado,1,,YouTube,1.1
9/1/2010,IOIpCo7uv_c,Vista Point S1E232 - DENVER Colorado,1,,YouTube,1.1
10/1/2010,IOIpCo7uv_c,Vista Point S1E232 - DENVER Colorado,1,,YouTube,1.1
9/1/2010,IojzPOv84xg,Vista Point S1E187 - PATAN Nepal,1,,YouTube,1.1
7/1/2010,iqheqtzIlfk,Cities of the World S1E62 - SANTORINI Greece,1,,YouTube,1.1
9/1/2010,iqheqtzIlfk,Cities of the World S1E62 - SANTORINI Greece,1,,YouTube,1.1
3/1/2010,iqsmOcY4ZEA,Sahel A West African Journey,1,,YouTube,1.1
9/1/2010,is0Qy7DBPHw,Travelview International S1E7 - Barbados,1,,YouTube,1.1
11/1/2010,Isj47Vg4ZOs,7 Days S1E106 - MEXICO,1,,YouTube,1.1
12/1/2010,Isj47Vg4ZOs,7 Days S1E106 - MEXICO,1,,YouTube,1.1
9/1/2010,IvHwX8NJTkA,Lithuania The Country Film,1,,YouTube,1.1
11/1/2010,ivOwRysM_Ks,Island Hoppers S1ENEVIS - Nevis,1,,YouTube,1.1
3/1/2010,-IySeRJV5wQ,Rome,1,,YouTube,1.1
8/1/2010,j0j596axH2c,Suryoyo,1,,YouTube,1.1
12/1/2010,j0j596axH2c,Suryoyo,1,,YouTube,1.1
2/1/2010,J3QpyWHQxY8,"New York City NY, United States",1,,YouTube,1.1
4/1/2010,J3QpyWHQxY8,"New York City NY, United States",1,,YouTube,1.1
2/1/2010,Jcq2_Vl9Rqo,Discovering Benin West Africa,1,,YouTube,1.1
3/1/2010,Jcq2_Vl9Rqo,Discovering Benin West Africa,1,,YouTube,1.1
8/1/2010,Jcq2_Vl9Rqo,Discovering Benin West Africa,1,,YouTube,1.1
5/1/2010,jFJSrYNyVlU,COSMOS GLOBAL DOCUMENTARIES S1E104 - ARABIA FELIX,1,,YouTube,1.1
10/1/2010,jFJSrYNyVlU,COSMOS GLOBAL DOCUMENTARIES S1E104 - ARABIA FELIX,1,,YouTube,1.1
3/1/2010,jg-MRDRwK5s,PALACE ON WHEELS Five Star Train Journey In Wonderland,1,,YouTube,1.1
6/1/2010,JKEI586ifxY,Karma Trekkers S1E103 - BALI Indonesia,1,,YouTube,1.1
10/1/2010,jkgUjP2pTLM,American Cultural History S1E103 - War Against Poverty,2,,YouTube,1.1
9/1/2010,jN_1Z5OM8n4,Cities of the World S1E21 - THE CROATIAN COAST Dalmatia Croatia,2,,YouTube,1.1
8/1/2010,jpO5YgpDz4E,Equitrekking S1E105 - Wyoming,1,,YouTube,1.1
3/1/2010,JPoMcbx2ph4,Town Of QUEBEC Canada,1,,YouTube,1.1
5/1/2010,Jpr-V8akJ2M,Karma Trekkers S1E102 - Malta,1,,YouTube,1.1
2/1/2010,JQacK5mQdYs,BELLY DANCE For Fitness And Fun,1,,YouTube,1.1
9/1/2010,JqVJGpQGlCc,Nature Parks S1E149 - SELOUS GAME RESERVE Tanzania,1,,YouTube,1.1
2/1/2010,jQxayKFixic,STRETCHING Be Supple And Fit Through Stretch Exercises,2,,YouTube,1.1
3/1/2010,jQxayKFixic,STRETCHING Be Supple And Fit Through Stretch Exercises,1,,YouTube,1.1
2/1/2010,jsyqYz6i9Po,JOGGING Fitness Through Running,1,,YouTube,1.1
2/1/2010,jUDotclKhCw,BODY SHAPING For A Trim And Beautiful Figure,2,,YouTube,1.1
3/1/2010,jUDotclKhCw,BODY SHAPING For A Trim And Beautiful Figure,1,,YouTube,1.1
12/1/2010,jVWuE3-cWBc,Get Outta Town S1E2687 - Costa Rica,1,,YouTube,1.1
6/1/2010,Jyo-w_QYpOY,Vista Point S1E111 - LAS VEGAS Nevada,1,,YouTube,1.1
10/1/2010,Jyo-w_QYpOY,Vista Point S1E111 - LAS VEGAS Nevada,1,,YouTube,1.1
11/1/2010,k506uz8BrII,"Global Treasures S1E1186 - CATHEDRAL DE SEVILLA The Cathedral of Seville Seville, Spain",1,,YouTube,1.1
3/1/2010,-k9JF0jujwI,The Roman Heritage,1,,YouTube,1.1
12/1/2010,-k9JF0jujwI,Discovering Provence S1E104 - The Roman Heritage,1,,YouTube,2.2
2/1/2010,k9pQJ8aZ9Mo,Jamaica,1,,YouTube,1.1
8/1/2010,k9sHAGyahCY,The Seasoned Traveler S2E211 - Puerto Rico,1,,YouTube,1.1
10/1/2010,k9sHAGyahCY,The Seasoned Traveler S2E211 - Puerto Rico,4,,YouTube,1.1
9/1/2010,KAu4IHI1RTE,Exploring Horizons S1E3097 - Echoes in Time - Dalmatian Coast Croatia,1,,YouTube,1.1
4/1/2010,Kb-1h0pq2C0,The Red Lights of Europe,2,,YouTube,1.1
6/1/2010,Kb-1h0pq2C0,Adventures in Europe S1E5 - The Red Lights of Europe,1,,YouTube,1.1
10/1/2010,Kb-1h0pq2C0,Adventures in Europe S1E5 - The Red Lights of Europe,1,,YouTube,1.1
11/1/2010,Kb-1h0pq2C0,Adventures in Europe S1E5 - The Red Lights of Europe,1,,YouTube,1.1
7/1/2010,kB7D5f9c6-0,Cities of the World S1E66 - SLOVENIA,1,,YouTube,1.1
2/1/2010,KgTVR6TAAZE,ANDALUCIA Spain,1,,YouTube,1.1
7/1/2010,KgTVR6TAAZE,7 Days S1E138 - ANDALUCIA Spain,1,,YouTube,1.1
9/1/2010,KgTVR6TAAZE,7 Days S1E138 - ANDALUCIA Spain,2,,YouTube,1.1
10/1/2010,KgTVR6TAAZE,7 Days S1E138 - ANDALUCIA Spain,2,,YouTube,1.1
11/1/2010,KgTVR6TAAZE,7 Days S1E138 - ANDALUCIA Spain,1,,YouTube,1.1
7/1/2010,KhU6sqEm1kg,7 Days S1E126 - NAMIBIA,1,,YouTube,1.1
9/1/2010,KI45HqCZ600,The Best of Bavaria,1,,YouTube,1.1
2/1/2010,KignAgTB050,"LHASA - Tibet, China",1,,YouTube,1.1
5/1/2010,Kl_POAT6JaA,Cities of the World S1E52 - New York USA,1,,YouTube,1.1
6/1/2010,Kl_POAT6JaA,Cities of the World S1E52 - NEW YORK USA,1,,YouTube,1.1
7/1/2010,Kl_POAT6JaA,Cities of the World S1E52 - NEW YORK USA,1,,YouTube,1.1
4/1/2010,KrxhWeQqaqQ,Amsterdam Pride,1,,YouTube,1.1
9/1/2010,KugvY0xO_jE,7 Days S1E118 - FRANCE,1,,YouTube,1.1
8/1/2010,KW3so5YUz9o,Vista Point S1E236 - SEOUL South Korea,2,,YouTube,1.1
4/1/2010,kZbUewlFOfE,The Azores Portugal,1,,YouTube,1.1
7/1/2010,kZbUewlFOfE,Europe's Classic Romantic Inns S1E101 - The Azores Portugal,1,,YouTube,1.1
4/1/2010,l_aHZTQZuQU,Morocco Africa,1,,YouTube,1.1
5/1/2010,l_aHZTQZuQU,Let's Shop S1E112 - Morocco Africa,1,,YouTube,1.1
5/1/2010,l_ifYrtVZLI,Explore On Tour 2009,1,,YouTube,1.1
12/1/2010,L2lCa07r9EI,Vista Point S1E134 - LOS ANGELES California,1,,YouTube,1.1
10/1/2010,L3fCzMh8h18,Let's Shop S1E105 - Singapore,1,,YouTube,1.1
4/1/2010,L3L-Ybt7-8s,Guatemala,1,,YouTube,1.1
4/1/2010,L9bL1TFOTk0,Coffee Culture USA,1,,YouTube,1.1
10/1/2010,L9bL1TFOTk0,Coffee Culture USA,1,,YouTube,1.1
8/1/2010,l9GCKbqIpKY,American Cultural History S1E102 - Lifestyle In The Past,1,,YouTube,1.1
10/1/2010,l9QEUnHsK8A,Vista Point S1E110 - VENICE Italy,1,,YouTube,1.1
4/1/2010,LC0Z5kVpnsk,Key Largo and the Upper Keys A Diving Destination,1,,YouTube,1.1
8/1/2010,lEIpU0j_VkY,Travelview International S1E11 - Hong Kong/Macau,1,,YouTube,1.1
3/1/2010,lGVmlRWb-Oc,FIRENZE (Florence) Italy,1,,YouTube,1.1
6/1/2010,lGVmlRWb-Oc,FIRENZE,1,,YouTube,1.1
2/1/2010,lh6JqVNVcTg,Tuscany Italy,1,,YouTube,1.1
3/1/2010,lh6JqVNVcTg,Tuscany Italy,1,,YouTube,1.1
4/1/2010,lh6JqVNVcTg,Tuscany Italy,1,,YouTube,1.1
10/1/2010,lh6JqVNVcTg,Cities of the World S1E77 - TUSCANY Italy,1,,YouTube,1.1
9/1/2010,LIfevkle8tI,Cities of the World S1E26 - GRAN CANARIA Spain,1,,YouTube,1.1
8/1/2010,LJri4N8VI88,AUSTRIA,1,,YouTube,1.1
10/1/2010,lLUxBrbK3Gc,Doug Jones Travelog S1E5 - Great Cities of Europe,1,,YouTube,1.1
3/1/2010,LMmew9vtltw,"The Bay Islands Roatan, Utila and Guanaja",1,,YouTube,1.1
4/1/2010,LMmew9vtltw,"The Bay Islands Roatan, Utila and Guanaja",1,,YouTube,1.1
12/1/2010,lOGLkc_7qts,Europe's Classic Romantic Inns S1E106 - Florence Italy,1,,YouTube,1.1
7/1/2010,lPzpej8D3y0,JAMAICA,1,,YouTube,1.1
5/1/2010,lt3UKF7z1lU,Europe If By Road,1,,YouTube,1.1
4/1/2010,LuMt9zIadNY,Turkish Riviera Turkey,1,,YouTube,1.1
4/1/2010,mE8tQIYjfSY,South East Asia,2,,YouTube,1.1
10/1/2010,mE8tQIYjfSY,COSMOS GLOBAL DOCUMENTARIES S1E151 - South East Asia,1,,YouTube,1.1
11/1/2010,mE8tQIYjfSY,COSMOS GLOBAL DOCUMENTARIES S1E151 - South East Asia,1,,YouTube,1.1
12/1/2010,mE8tQIYjfSY,COSMOS GLOBAL DOCUMENTARIES S1E151 - South East Asia,1,,YouTube,2.2
4/1/2010,MehtDbTCJCw,Nude In French Polynesia,1,,YouTube,2.75
5/1/2010,MehtDbTCJCw,The Nude Traveler S1E103 - Nude In French Polynesia,1,,YouTube,2.75
6/1/2010,MehtDbTCJCw,The Nude Traveler S1E103 - Nude In French Polynesia,2,,YouTube,2.75
7/1/2010,MehtDbTCJCw,The Nude Traveler S1E103 - Nude In French Polynesia,1,,YouTube,2.75
10/1/2010,MehtDbTCJCw,The Nude Traveler S1E103 - Nude In French Polynesia,1,,YouTube,2.75
12/1/2010,MehtDbTCJCw,The Nude Traveler S1E103 - Nude In French Polynesia,1,,YouTube,2.75
2/1/2010,mExqXUVoFZI,DESERT EXPRESS NAMIBIA Making Tracks Through Namibia,1,,YouTube,1.1
9/1/2010,mExqXUVoFZI,On Tour S1E113 - DESERT EXPRESS NAMIBIA Making Tracks Through Namibia,1,,YouTube,1.1
11/1/2010,MGpLnx6CMtY,On Tour S1E124 - KALAHARI BUSHMEN WALKABOUT,1,,YouTube,1.1
2/1/2010,MHgD56qJPb8,HAWAII,1,,YouTube,1.1
11/1/2010,MHrhzseabS8,Global Treasures S1E1198 - CHANGU NARAYAN Nepal,1,,YouTube,1.1
4/1/2010,miIILr6Bjjc,DREPUNG GONBA - Tibet,1,,YouTube,1.1
11/1/2010,MJ49bJwaQnc,Equitrekking S4E402 - Scotland,1,,YouTube,1.1
3/1/2010,mlfM7uaQwQ4,Historic Time Travel Spanish American War,1,,YouTube,1.1
4/1/2010,mlfM7uaQwQ4,Historic Time Travel Spanish American War,1,,YouTube,1.1
6/1/2010,mlfM7uaQwQ4,Historic Time Travel S1E1 - Historic Time Travel Spanish American War,1,,YouTube,1.1
10/1/2010,mlfM7uaQwQ4,Historic Time Travel S1E1 - Historic Time Travel Spanish American War,1,,YouTube,1.1
11/1/2010,mlfM7uaQwQ4,Historic Time Travel S1E1 - Historic Time Travel Spanish American War,1,,YouTube,1.1
9/1/2010,MLNOvxJh-m4,COSMOS GLOBAL DOCUMENTARIES S1E116 - In the Land of the Canyons,1,,YouTube,1.1
3/1/2010,mlqxtgd80Qs,Rio de Janeiro Brazil,1,,YouTube,1.1
4/1/2010,mmJx4f3Uffc,ANGKOR THOM Cambodia,1,,YouTube,1.1
5/1/2010,MqqOrXfhvSs,Let's Shop S2E207 - Caribbean,1,,YouTube,1.1
9/1/2010,Ms0vzuf_mKw,Vista Point S1E144 - MIAMI Florida,1,,YouTube,1.1
10/1/2010,MU7-VPv2gtw,Vista Point S1E176 - JAMAICA,1,,YouTube,1.1
9/1/2010,mukJSyJg10g,Cities of the World S1E63 - SARDINIA Italy,1,,YouTube,1.1
10/1/2010,mUn4sccIPiA,Carthage and the Phoenicians,2,,YouTube,1.1
10/1/2010,mYOoaT2rDLg,"Global Treasures S2E1008 - SCHÃ–NBRUNN PALACE Schloss Schonbrunn Vienna, Austria",1,,YouTube,1.1
6/1/2010,n1mSz48VpZA,Bikini Destinations S1ETwo - Best of Season Two,1,,YouTube,1.1
10/1/2010,N6UvaNEuIdE,Bikini Destinations S1EUrug - Uruguay,1,,YouTube,1.1
12/1/2010,N6UvaNEuIdE,Bikini Destinations S1EUrug - Uruguay,2,,YouTube,1.65
9/1/2010,ncUGhlj1orY,Cities of the World S1E48 - MAURITIUS,1,,YouTube,1.1
12/1/2010,ncUGhlj1orY,Cities of the World S1E48 - MAURITIUS,1,,YouTube,1.1
5/1/2010,NDQYpr9ZacA,Globe Riders S1E15613 - Iceland Adventure A Motorcycle Tour of Iceland,1,,YouTube,1.1
8/1/2010,NDQYpr9ZacA,Globe Riders S1E15613 - Iceland Adventure A Motorcycle Tour of Iceland,1,,YouTube,1.1
9/1/2010,NDQYpr9ZacA,Globe Riders S1E15613 - Iceland Adventure A Motorcycle Tour of Iceland,1,,YouTube,1.1
11/1/2010,NDQYpr9ZacA,Globe Riders S1E15613 - Iceland Adventure A Motorcycle Tour of Iceland,1,,YouTube,1.1
10/1/2010,nHpjTwTh8TA,"Weekend Explorer S3E311 - Kuala Lumpur, Malaysia",1,,YouTube,1.1
7/1/2010,nhvafIm_POM,Vista Point S1E204 - COSTA DEL SOL Spain,1,,YouTube,1.1
12/1/2010,nhvafIm_POM,Vista Point S1E204 - COSTA DEL SOL Spain,1,,YouTube,1.1
5/1/2010,nJ6Ox9Wm41Q,Passport to Adventure S2E203 - Bucharest & the Transylvanian Countryside Romania,2,,YouTube,1.1
12/1/2010,NMObuRjdvP8,IMAX S1E6 - Sky Dance,1,,YouTube,1.1
12/1/2010,Nn2JiNy58sI,EXTRAVAGANZA S1E21 - ATLANTIS RESORT - Bahamas,1,,YouTube,1.1
8/1/2010,NoNpfVsR9q0,Cities of the World S1E30 - HUNGARIAN WINE TERRITORIES Hungary,1,,YouTube,1.1
7/1/2010,Nq1SzFf-DgE,7 Days S1E133 - JAMAICA,1,,YouTube,1.1
4/1/2010,nraiafqd0QI,Oregon Lighthouses The Silent Sentinels,1,,YouTube,1.1
8/1/2010,nraiafqd0QI,Oregon Lighthouses The Silent Sentinels,1,,YouTube,1.1
2/1/2010,nrI9LjPEa64,DUBAI United Arab Emirates,1,,YouTube,1.1
1/1/2010,NRlm9mkFjsQ,"Global Treasures  BOROBUDUR Java, Indonesia",1,,YouTube,1.1
2/1/2010,NRlm9mkFjsQ,"Vermont Waitsfield and the Mad River Valley, Appalachian Gap and Bristol",1,,YouTube,1.1
4/1/2010,NRlm9mkFjsQ,"Vermont Waitsfield and the Mad River Valley, Appalachian Gap and Bristol",1,,YouTube,1.1
5/1/2010,NRlm9mkFjsQ,"EpicRides S1E102 - Vermont Waitsfield and the Mad River Valley, Appalachian Gap and Bristol",2,,YouTube,1.1
6/1/2010,NRlm9mkFjsQ,"EpicRides S1E102 - Vermont Waitsfield and the Mad River Valley, Appalachian Gap and Bristol",2,,YouTube,1.1
8/1/2010,NRlm9mkFjsQ,"EpicRides S1E102 - Vermont Waitsfield and the Mad River Valley, Appalachian Gap and Bristol",1,,YouTube,1.1
10/1/2010,NRlm9mkFjsQ,"EpicRides S1E102 - Vermont Waitsfield and the Mad River Valley, Appalachian Gap and Bristol",1,,YouTube,1.1
12/1/2010,NRlm9mkFjsQ,"EpicRides S1E102 - Vermont Waitsfield and the Mad River Valley, Appalachian Gap and Bristol",2,,YouTube,1.1
4/1/2010,NrqdWJnOWLs,World Explorations A Six Continent Journey,1,,YouTube,1.1
4/1/2010,nRvpbEK4OOI,Samoa,1,,YouTube,1.1
5/1/2010,nRvpbEK4OOI,Countries Less Traveled S1E106 - Samoa,1,,YouTube,1.1
5/1/2010,nt8a2krNu38,Globe Riders S1E15637 - Silk Road Adventure: A Motorcycle Journey,1,,YouTube,1.1
8/1/2010,nt8a2krNu38,Globe Riders S1E15637 - Silk Road Adventure: A Motorcycle Journey,2,,YouTube,1.1
9/1/2010,nt8a2krNu38,Globe Riders S1E15637 - Silk Road Adventure: A Motorcycle Journey,1,,YouTube,1.1
11/1/2010,nt8a2krNu38,Globe Riders S1E15637 - Silk Road Adventure: A Motorcycle Journey,1,,YouTube,1.1
12/1/2010,nt8a2krNu38,Globe Riders S1E15637 - Silk Road Adventure: A Motorcycle Journey,1,,YouTube,1.1
5/1/2010,nTcgBJvIQHM,7 Days S1E142 - UNITED ARAB EMIRATES,1,,YouTube,1.1
12/1/2010,nTcgBJvIQHM,7 Days S1E142 - UNITED ARAB EMIRATES,1,,YouTube,1.1
8/1/2010,ntFcVLInIhY,American Suburbia S1E103 - Our Communities,1,,YouTube,1.1
2/1/2010,nuNgsNpDJnw,EXOTIC DANCE Sensual Fitness Training,1,,YouTube,1.1
3/1/2010,nuNgsNpDJnw,EXOTIC DANCE Sensual Fitness Training,1,,YouTube,1.1
9/1/2010,nuNgsNpDJnw,Viva Fit 'n Fun S1E106 - EXOTIC DANCE Sensual Fitness Training,1,,YouTube,1.1
4/1/2010,nveJiOslovg,Peru,1,,YouTube,1.1
8/1/2010,nveJiOslovg,Karma Trekkers S1E101 - PERU,1,,YouTube,1.1
5/1/2010,NygBsZqvuls,Let's Shop S2E209 - Beijing China,1,,YouTube,1.1
10/1/2010,NygBsZqvuls,Let's Shop S2E209 - Beijing China,2,,YouTube,1.1
6/1/2010,nZYnnjnyUMg,IMAX S1E4 - First Emperor Of China,1,,YouTube,1.1
8/1/2010,nZYnnjnyUMg,IMAX S1E4 - First Emperor Of China,1,,YouTube,1.1
9/1/2010,nZYnnjnyUMg,IMAX S1E4 - First Emperor Of China,2,,YouTube,1.1
10/1/2010,nZYnnjnyUMg,IMAX S1E4 - First Emperor Of China,2,,YouTube,1.1
11/1/2010,nZYnnjnyUMg,IMAX S1E4 - First Emperor Of China,1,,YouTube,1.1
7/1/2010,o_O8J5w61A4,Weekend Explorer S3E302 - Southern Cascades and Lassen National Park,1,,YouTube,1.1
6/1/2010,o501HUwK0ZM,Best of Europe Guide,1,,YouTube,1.1
11/1/2010,O5XPuS_gSIc,Global Treasures S2E1037 - RABAT Morocco,1,,YouTube,1.1
2/1/2010,o9Uvcy8kXbk,AEROBIC General Fitness Training,2,,YouTube,1.1
3/1/2010,o9Uvcy8kXbk,AEROBIC General Fitness Training,2,,YouTube,1.1
4/1/2010,ObSsjbxumJA,A Video Postcard from Arizona,1,,YouTube,1.1
10/1/2010,OGEMj-dkaUA,Exploring Horizons S1E3103 - The Adventurers' Playground - Bled Slovenia,1,,YouTube,1.1
4/1/2010,ohZnofvB3W8,Puerto Rico,1,,YouTube,1.1
5/1/2010,OoZrt1SCVKM,Bikini Destinations S1ECosta - Costa Rica,1,,YouTube,1.1
1/1/2010,OqL2SOvDtGw,Mexican Riviera,2,,YouTube,1.1
8/1/2010,OqL2SOvDtGw,Panorama Singapore,1,,YouTube,1.1
5/1/2010,os18hYYfvP0,Equitrekking S2E207 - Maui,1,,YouTube,1.1
3/1/2010,OVKXjOW6cD8,Life and Death on the River Ganges,1,,YouTube,1.1
4/1/2010,OVKXjOW6cD8,Life and Death on the River Ganges,1,,YouTube,1.1
5/1/2010,OVKXjOW6cD8,Life and Death on the River Ganges,1,,YouTube,1.1
10/1/2010,OVKXjOW6cD8,Life and Death on the River Ganges,1,,YouTube,1.1
11/1/2010,OVKXjOW6cD8,Life and Death on the River Ganges,2,,YouTube,1.1
12/1/2010,P3Fb7MK6vVc,Nature Parks S1E107 - MASSAI MARA Kenya,1,,YouTube,1.1
9/1/2010,Pc_1MiifH5Q,The Seasoned Traveler S1E112 - Liechtenstein and the Other Little Lands,1,,YouTube,1.1
4/1/2010,PF71KSsjP0c,Bangkok Thailand,1,,YouTube,1.1
2/1/2010,PGSTjfyehpo,"Epic Acadia Acadia National Park, Maine, Cadillac Mountain",4,,YouTube,1.1
3/1/2010,PGSTjfyehpo,"Epic Acadia Acadia National Park, Maine, Cadillac Mountain",1,,YouTube,1.1
4/1/2010,PGSTjfyehpo,"Epic Acadia Acadia National Park, Maine, Cadillac Mountain",2,,YouTube,1.1
5/1/2010,PGSTjfyehpo,"EpicRides S1E101 - Epic Acadia Acadia National Park, Maine, Cadillac Mountain",4,,YouTube,1.1
6/1/2010,PGSTjfyehpo,"EpicRides S1E101 - Epic Acadia Acadia National Park, Maine, Cadillac Mountain",1,,YouTube,1.1
7/1/2010,PGSTjfyehpo,"EpicRides S1E101 - Epic Acadia Acadia National Park, Maine, Cadillac Mountain",1,,YouTube,1.1
8/1/2010,PGSTjfyehpo,"EpicRides S1E101 - Epic Acadia Acadia National Park, Maine, Cadillac Mountain",2,,YouTube,1.1
10/1/2010,PGSTjfyehpo,"EpicRides S1E101 - Epic Acadia Acadia National Park, Maine, Cadillac Mountain",1,,YouTube,1.1
4/1/2010,PGZgqgOoFnY,YELLOWSTONE NATIONAL PARK Wyoming,1,,YouTube,1.1
9/1/2010,pibxx5sKv2M,Alternate Routes S1E2113 - Prague,1,,YouTube,1.1
4/1/2010,pITm3JwCbqY,ALHAMBRA Spain,1,,YouTube,1.1
9/1/2010,pITm3JwCbqY,Terra Mystica S1E117 - ALHAMBRA Spain,1,,YouTube,1.1
8/1/2010,pjnKbKYZxSw,7 Days S1E137 - BRETAGNE France,1,,YouTube,1.1
8/1/2010,PLIkcX4THLk,Explore S1E109 - From Here to Nowhere,1,,YouTube,1.1
5/1/2010,plkp230zC1Q,Let's Shop S1E101 - Bangkok Thailand,1,,YouTube,1.1
10/1/2010,PNRp6EithDE,Global Treasures S2E1137 - KATHMANDU Nepal,1,,YouTube,1.1
7/1/2010,PO4La3iXxcU,Cities of the World S1E33 - IRAN,1,,YouTube,1.1
2/1/2010,pRJy8ALKT4s,The Great Trans- American Train Ride,1,,YouTube,1.1
4/1/2010,pRJy8ALKT4s,The Great Trans- American Train Ride,1,,YouTube,1.1
7/1/2010,pRJy8ALKT4s,Doug Jones Travelog S1E114 - The Great Trans-American Train Ride,1,,YouTube,1.1
8/1/2010,pRSNryG-ibc,Nature Wonders S1E140 - AMBOSELI Kenya,1,,YouTube,1.1
12/1/2010,pseMrLlSP_4,"Global Treasures S1E1073 - HAGIA SOPHIA Istanbul, Turkey",1,,YouTube,1.1
9/1/2010,Pu4esh8YfTI,Bikini Destinations S1ECabo - Cabo San Lucas,1,,YouTube,1.1
11/1/2010,pUFzv8teIZ4,"Global Treasures S1E1112 - MONT SAINT-MICHEL Le Mont Saint Michel Normandy, France",1,,YouTube,1.1
3/1/2010,puNYHJTYWyA,RABAT Morocco,1,,YouTube,1.1
1/1/2010,pUpuhCEW4mE,Taiwan,1,,YouTube,1.1
3/1/2010,pUpuhCEW4mE,"Pisa, Italy",1,,YouTube,1.1
9/1/2010,PWZgCxHZG5o,Equitrekking S2E202 - Hawaii's Big Island,1,,YouTube,1.1
10/1/2010,py14Lv3znsk,COSMOS GLOBAL DOCUMENTARIES S1E150 - Indochina,1,,YouTube,1.1
2/1/2010,PYLpCtupSAo,Japan,1,,YouTube,1.1
4/1/2010,PYR7tQ3QKXs,GRANADA Spain,1,,YouTube,1.1
5/1/2010,PYR7tQ3QKXs,Vista Point S1E198 - GRANADA Spain,1,,YouTube,1.1
9/1/2010,Pz_flwHcK5k,The Seasoned Traveler S1E108 - The Canadian,1,,YouTube,1.1
10/1/2010,q_K6qy9E4HQ,Legacy of Ancient Civilizations S1E2 - The Mycenaeans,2,,YouTube,0.55
3/1/2010,q_K6qy9E4HQ,The Mycenaeans,7,,YouTube,0.942857143
5/1/2010,q_K6qy9E4HQ,Legacy of Ancient Civilizations S1E2 - The Mycenaeans,1,,YouTube,1.1
9/1/2010,q_K6qy9E4HQ,Legacy of Ancient Civilizations S1E2 - The Mycenaeans,1,,YouTube,1.1
12/1/2010,q_K6qy9E4HQ,Legacy of Ancient Civilizations S1E2 - The Mycenaeans,1,,YouTube,1.1
11/1/2010,q-0yE7AbxZk,Wild Venezuela S1E608 - Strategies for Animal Survival,1,,YouTube,1.1
9/1/2010,QAlpHgfwuyY,Iceland's Favourite Places S1E1 - Akureyri & The Magical North,1,,YouTube,1.1
4/1/2010,qAWGmYt8GOw,Bermuda,1,,YouTube,1.1
2/1/2010,qbIjZV0RSvw,Destination San Francisco,1,,YouTube,1.1
12/1/2010,qbIjZV0RSvw,Destination San Francisco,1,,YouTube,1.1
4/1/2010,qBvoO0lAfCs,Cultural Kaleidoscope America's Multicultural Makeup!,1,,YouTube,1.1
5/1/2010,qBvoO0lAfCs,American Cultural History S1E105 - Cultural Kaleidoscope America's Multicultural Makeup!,1,,YouTube,1.1
12/1/2010,qBvoO0lAfCs,American Cultural History S1E105 - Cultural Kaleidoscope America's Multicultural Makeup!,1,,YouTube,1.1
5/1/2010,qcfK0MwYOL0,The Best of California S1E11 - The Big Orange,1,,YouTube,1.1
10/1/2010,QDTXkZxrAn4,Wild Venezuela S1E606 - The Orinoco Crocodile,1,,YouTube,1.1
11/1/2010,-qE9neuZ-Mo,Garden Travels S1E197 - Heaths & Heathers Nursery,1,,YouTube,1.65
10/1/2010,Qg7SGE0SZzc,Nature Wonders S1E186 - SERENGETI Tanzania,1,,YouTube,1.1
5/1/2010,Qho_CFkz4oo,Island Hoppers S1ENICA - Nicaragua,1,,YouTube,1.1
8/1/2010,qKxfNWtEFoo,7 Days S1E151 - PERU,1,,YouTube,1.1
12/1/2010,qmKKBc7mniA,Eiffel Tower Paris France,1,,YouTube,1.1
2/1/2010,QNNJuAYQoSc,Kauai,1,,YouTube,1.1
7/1/2010,QNNJuAYQoSc,Bikini Destinations S1EKauai - Kauai,1,,YouTube,1.1
9/1/2010,QNNJuAYQoSc,Bikini Destinations S1EKauai - Kauai,1,,YouTube,1.1
4/1/2010,QPc0pHdttVA,"Infamous Full Moon Parties, British Consul & Thai Prison",1,,YouTube,1.1
6/1/2010,QSFfB79kLxI,Your Guide Around NYC,1,,YouTube,1.1
7/1/2010,QSFfB79kLxI,Your Guide Around NYC,2,,YouTube,1.1
4/1/2010,qTLlCSnid-k,Narrow Gauge in the Alps Part 1,1,,YouTube,1.1
12/1/2010,qu2fkcapq0M,Salvador Dali the 4th Dimension,2,,YouTube,2.2
9/1/2010,Qu66U3KBKyo,Equitrekking S3E303 - Arizona,1,,YouTube,1.1
12/1/2010,QwLE0eriio0,Discovering Provence S1E106 - The People of Provence,1,,YouTube,2.2
11/1/2010,qxXshmmLLn0,Passport to Adventure S1E101 - Tbilisi and the Caucasus Mountains Republic of Georgia,1,,YouTube,1.1
3/1/2010,QYksQDqT_5c,BODY WALK Fitness Through Walking,1,,YouTube,1.1
4/1/2010,qz4mtFETsPc,MARSEILLE France,1,,YouTube,1.1
8/1/2010,r_LmgWNDtqU,Cities of the World S1E8 - BRUSSELS Belgium,1,,YouTube,1.1
5/1/2010,-r2e_k-Qmak,Countries Less Traveled S1E101 - Kiribati,1,,YouTube,1.1
9/1/2010,-r2e_k-Qmak,Countries Less Traveled S1E101 - Kiribati,1,,YouTube,1.1
3/1/2010,R3qJPAIjNnc,Oregon Ghost Towns,2,,YouTube,1.1
8/1/2010,R3qJPAIjNnc,Oregon Ghost Towns,1,,YouTube,1.1
12/1/2010,RavKma5LXWA,Yuletide Fireplace In A Box,2,,YouTube,0.55
9/1/2010,RdU65l9C0ZY,Bikini Destinations S1EUkra - Ukraine,1,,YouTube,1.1
12/1/2010,rdZ27GMevo0,"Global Treasures S2E1045 - TIAN TAN Beijing, China",1,,YouTube,1.1
8/1/2010,rgEVnIa1ZDI,History of WWII S1E1 - US Air Force,1,,YouTube,1.1
4/1/2010,RJVPFoie_GQ,New Ways to Play,1,,YouTube,1.1
12/1/2010,RK1uB2y97vI,"Global Treasures S1E1051 - HERMITAGE St. Petersburg, Russia",1,,YouTube,1.1
2/1/2010,rmNsMuu2R3U,"Transsexuals, Sex Changes & Boxing",1,,YouTube,1.1
8/1/2010,rmQjgppAuCg,Cities of the World S1E80 - VIETNAM,1,,YouTube,1.1
10/1/2010,rmQjgppAuCg,Cities of the World S1E80 - VIETNAM,1,,YouTube,1.1
10/1/2010,RMxgvC5rw20,Historic Travel US Silent History Of San Francisco,1,,YouTube,1.1
7/1/2010,rNcW3ToCKis,Cities of the World S1E16 - COSTA DEL SOL Spain,1,,YouTube,1.1
9/1/2010,rNcW3ToCKis,Cities of the World S1E16 - COSTA DEL SOL Spain,1,,YouTube,1.1
9/1/2010,ro2cEKUWi_c,The Seasoned Traveler S2E203 - Quebec C'est Magnifique,1,,YouTube,1.1
11/1/2010,rpiPo9AWKnI,Vista Point S1E117 - MARRAKESH Morocco,1,,YouTube,1.1
7/1/2010,RRIvgy_UYLU,Global Treasures S2E1021 - TAJ MAHAL India,1,,YouTube,1.1
7/1/2010,rTQ3yzG7xDs,Cities of the World S1E40 - KENYA COAST Africa,1,,YouTube,1.1
4/1/2010,RVXJgwihgqE,Waldviertel Express,1,,YouTube,1.1
12/1/2010,RXtQ3CaWKeY,COSMOS GLOBAL DOCUMENTARIES S1E144 - SIAM A Glorious Kingdom Of The Past- Thailand,1,,YouTube,2.2
10/1/2010,S2nrNVUwxws,COSMOS GLOBAL DOCUMENTARIES S1E119 - Canada from Coast to Coast,1,,YouTube,1.1
6/1/2010,S4_JtBsA-R8,Great Chefs of Austria S1E104 - Chef Reinhard Gerer Vienna Hotel Bristol Korso,1,,YouTube,1.1
9/1/2010,sahSl-QSG44,Cities of the World S1E51 - MYKONOS Greece,1,,YouTube,1.1
3/1/2010,SbM-ISjMzWQ,CAMBODIA,1,,YouTube,1.1
4/1/2010,SbM-ISjMzWQ,CAMBODIA,1,,YouTube,1.1
12/1/2010,SbM-ISjMzWQ,CAMBODIA,1,,YouTube,1.1
2/1/2010,shHijkwOWgw,IN THE LAND OF THE HOLY MONKS - Tibet,1,,YouTube,1.1
3/1/2010,shHijkwOWgw,IN THE LAND OF THE HOLY MONKS - Tibet,1,,YouTube,1.1
10/1/2010,SiUcEXra46A,Historic Travel US San Francisco A Jewel In California's Crown,1,,YouTube,1.1
9/1/2010,sK5ZZGdIHGs,The Seasoned Traveler S2E209 - Scottish Castles,1,,YouTube,1.1
9/1/2010,SkrJX62echc,Rails Across Russia St.  Petersburg to the Pacific,1,,YouTube,1.1
11/1/2010,SkrJX62echc,Rails Across Russia St.  Petersburg to the Pacific,1,,YouTube,1.1
12/1/2010,SkrJX62echc,Rails Across Russia St.  Petersburg to the Pacific,4,,YouTube,1.1
4/1/2010,SlT1wtk5FYA,Turks and Caicos,1,,YouTube,1.1
6/1/2010,SlT1wtk5FYA,Dive Travel S1ETurks - Turks and Caicos,1,,YouTube,1.1
10/1/2010,smH_ze1ggxE,Let's Shop S2E214 - Taiwan,3,,YouTube,1.1
11/1/2010,SNONel4b4Pc,"Global Treasures S1E1206 - ST. PETER'S BASILICA Basiclica Di San Pietro Rome, Italy",1,,YouTube,1.1
10/1/2010,sp1cm7Ryn18,Nature Wonders S1E121 - CIENAGA DE ZAPATA Cuba,1,,YouTube,1.1
10/1/2010,SpwgvpLZegQ,The Seasoned Traveler S2E213 - Peru,1,,YouTube,1.1
2/1/2010,sQTBSQvj9Dg,The Ultimate Guide to New Orleans Mardi Gras,1,,YouTube,1.1
4/1/2010,sQWpefYGIIs,Mumbai (Bombay) India,1,,YouTube,1.1
11/1/2010,sQWpefYGIIs,Vista Point S1E238 - MUMBAI (Bombay) India,1,,YouTube,1.1
9/1/2010,St2fZWJMx3w,Alternate Routes S1E2274 - Barcelona,1,,YouTube,1.1
9/1/2010,StHDx_LwaBA,Clint Denn's Prague - Paris and a Cruise Aboard Amadeus Waterways Symphony Cruise Ship,1,,YouTube,1.1
10/1/2010,svDlJaTyToI,Andes S1E2 - Machu Picchu,1,,YouTube,1.1
11/1/2010,svDlJaTyToI,Andes S1E2 - Machu Picchu,1,,YouTube,1.1
5/1/2010,SxpSEvKqcU4,7 Days S1E113 - PORTUGAL,1,,YouTube,1.1
11/1/2010,syq8BBRSWOw,"Global Treasures S2E1015 - REAL ALCÃZAR DE SEVILLA Andalusia, Spain",1,,YouTube,1.1
3/1/2010,Sz0YkPqdDCA,EL TREN INCA A Journey On The Inca Railroad,1,,YouTube,1.1
8/1/2010,Sz0YkPqdDCA,On Tour S1E110 - EL TREN INCA A Journey On The Inca Railroad,1,,YouTube,1.1
3/1/2010,T3-5ooUdOys,History Of Motion Pictures Production Technologies Volume I,1,,YouTube,1.1
6/1/2010,t3t9epoTRo4,Sakura Petals S1E1 - Temples and Zen,1,,YouTube,1.1
6/1/2010,T5g4erS_Viw,Bikini Destinations S1EMolo - Molokai,1,,YouTube,1.1
8/1/2010,T5g4erS_Viw,Bikini Destinations S1EMolo - Molokai,1,,YouTube,1.1
6/1/2010,T6HZ9e8WXjw,Great Chefs of Austria S1E125 - Chef Heinz Reitbauer Jr Pogusch Restaurant Steirereck Wirtshaus,1,,YouTube,1.1
2/1/2010,t6ipFDJqYBI,St.  Maarten,1,,YouTube,1.1
5/1/2010,t6ipFDJqYBI,Alternate Routes S1E2205 - St.  Maarten,1,,YouTube,1.1
4/1/2010,t-GKZanLLWg,Marrakech,1,,YouTube,1.1
1/1/2010,thgIDgegcuU,IMAX Africa The Serengeti,1,,YouTube,1.1
4/1/2010,thgIDgegcuU,Mexican Riviera,1,,YouTube,1.1
9/1/2010,thgIDgegcuU,Bikini Destinations S1EMexrv - Mexican Riviera,2,,YouTube,1.1
12/1/2010,thgIDgegcuU,Bikini Destinations S1EMexrv - Mexican Riviera,1,,YouTube,1.65
3/1/2010,tHhQKOiX08Q,Fun in the Sun,1,,YouTube,1.1
6/1/2010,tkcNiy-yv-g,"The Nude Traveler S1E102 - Club Orient St.  Martin, French West Indies - Orient Beach",2,,YouTube,1.375
2/1/2010,tkcNiy-yv-g,"Club Orient St.  Martin, French West Indies - Orient Beach",1,,YouTube,2.75
4/1/2010,tkcNiy-yv-g,"Club Orient St.  Martin, French West Indies - Orient Beach",2,,YouTube,2.75
8/1/2010,tkcNiy-yv-g,"The Nude Traveler S1E102 - Club Orient St.  Martin, French West Indies - Orient Beach",2,,YouTube,2.75
11/1/2010,tkcNiy-yv-g,"The Nude Traveler S1E102 - Club Orient St.  Martin, French West Indies - Orient Beach",3,,YouTube,2.75
4/1/2010,ToE10sC36KQ,The Key West Picture Show,1,,YouTube,1.1
5/1/2010,TpRvopyrYYw,Countries Less Traveled S1E102 - Nauru,1,,YouTube,1.1
9/1/2010,TpRvopyrYYw,Countries Less Traveled S1E102 - Nauru,2,,YouTube,1.1
12/1/2010,TpRvopyrYYw,Countries Less Traveled S1E102 - Nauru,1,,YouTube,1.1
11/1/2010,tq9AFsFs34c,COSMOS GLOBAL DOCUMENTARIES S1E120 - Kathmandu Valley of the Gods,1,,YouTube,1.1
9/1/2010,TRa9d6gwA-o,Paraguay,2,,YouTube,1.1
4/1/2010,TsjN2K0GcEY,The Mystery of the Maya Guatemala,1,,YouTube,1.1
11/1/2010,TsjN2K0GcEY,Passport to Adventure S2E209 - The Mystery of the Maya Guatemala,1,,YouTube,1.1
6/1/2010,t-SOVBPd0q8,Bikini Destinations S1ECali - California Dreamin,1,,YouTube,1.1
5/1/2010,tyazFl5uXco,Let's Shop S1E113 - Arab Gulf States Oman & Qatar,1,,YouTube,1.1
10/1/2010,tyazFl5uXco,Let's Shop S1E113 - Arab Gulf States Oman & Qatar,2,,YouTube,1.1
9/1/2010,U0yAgfcUkvs,IMAX S1E8 - Mystery Of The Maya,1,,YouTube,1.1
4/1/2010,UcaDFmjcmik,MOROCCO,1,,YouTube,1.1
4/1/2010,Ue7dKBUZp-g,Toronto Canada,1,,YouTube,1.1
11/1/2010,Ue7dKBUZp-g,Cities of the World S1E73 - TORONTO Canada,1,,YouTube,1.1
4/1/2010,UeF51Gye3Io,The Chianti and Central Tuscany,1,,YouTube,1.1
7/1/2010,UFkTd5wGs4k,"Global Treasures S1E1197 - HUMAYUN'S TOMB Delhi, India",1,,YouTube,1.1
1/1/2010,UGOdoXmdzc4,Lima Peru,1,,YouTube,1.1
4/1/2010,ui0HWg3rCug,Europe Invaded,1,,YouTube,1.1
2/1/2010,uIZrxS2dssA,Classic ship: Regal Empress Ports: Charlottetown Prince Edward Island & Newport RI,1,,YouTube,1.1
2/1/2010,UkCwiPRtpa0,CUBA,1,,YouTube,1.1
7/1/2010,uKqFE-yhHDI,COSMOS GLOBAL DOCUMENTARIES S1E125 - In the Land of the Maharajahs,1,,YouTube,1.1
5/1/2010,Ung_nfE1rEs,Canal Du Midi,1,,YouTube,1.1
5/1/2010,uu48Mx0eoME,7 Days S1E123 - AUSTRIA,1,,YouTube,1.1
4/1/2010,UWgN0QvwiGo,Solomon Islands,1,,YouTube,1.1
2/1/2010,UyHGFpgIBVI,Desert Oasis,1,,YouTube,1.1
9/1/2010,UyHGFpgIBVI,Bikini Destinations S1EOasis - Desert Oasis,1,,YouTube,1.1
12/1/2010,V_9WjUmcfpM,History of WWII S1E2 - The Pearl Harbor Bombing,1,,YouTube,1.1
9/1/2010,V_NsEsUQPLE,7 Days S1E163 - TANZANIA,2,,YouTube,1.1
10/1/2010,v37uQmLZkWc,Global Treasures S1E1213 - HUÃ‰ Vietnam,1,,YouTube,1.1
7/1/2010,V58SSbiFNzA,COSMOS GLOBAL DOCUMENTARIES S1E118 - The Four Royal Cities of Morocco,1,,YouTube,1.1
3/1/2010,vBT0IwKB4w4,"NOTO Sicily, Italy",1,,YouTube,1.1
2/1/2010,-vctvkyGB0k,UFOs Earth's Cosmic Watergate,1,,YouTube,1.1
4/1/2010,-vctvkyGB0k,UFOs Earth's Cosmic Watergate,1,,YouTube,1.1
7/1/2010,-vctvkyGB0k,UFOs Earth's Cosmic Watergate,1,,YouTube,1.1
8/1/2010,-vctvkyGB0k,UFOs Earth's Cosmic Watergate,1,,YouTube,1.1
9/1/2010,-vctvkyGB0k,UFOs Earth's Cosmic Watergate,1,,YouTube,1.1
4/1/2010,vEo6xf8I8zU,Iceland,1,,YouTube,1.1
9/1/2010,VfynZWnBDpU,Passport to Adventure S1E102 - Exploring Rural China and the Great Wall,1,,YouTube,1.1
9/1/2010,Vh-KY6XKtyU,Nature Wonders S2E209 - SAHARA Desert North Africa,1,,YouTube,1.1
10/1/2010,Vh-KY6XKtyU,Nature Wonders S2E209 - SAHARA Desert North Africa,1,,YouTube,1.1
10/1/2010,viaVTvFTM3c,Let's Shop S1E102 - Shanghai China,3,,YouTube,1.1
11/1/2010,vj87DcuwYEo,Karma Trekkers S1E104 - IRELAND,2,,YouTube,1.1
4/1/2010,vLhTXugQ7Gs,Archaeology in Provence,1,,YouTube,1.1
3/1/2010,VmiGsS7fdCU,Experience Italy,1,,YouTube,1.1
1/1/2010,VnhCyla4yTI,"Vermont Waitsfield and the Mad River Valley, Appalachian Gap and Bristol",1,,YouTube,1.1
5/1/2010,vQFz6h9FWj0,IMAX S1E13 - Wolves,1,,YouTube,1.1
6/1/2010,vQFz6h9FWj0,IMAX S1E13 - Wolves,1,,YouTube,1.1
9/1/2010,vQFz6h9FWj0,IMAX S1E13 - Wolves,1,,YouTube,1.1
10/1/2010,VRYzkd4m1k4,The Seasoned Traveler S2E205 - Croatia & Bosnia-Hercegovina,1,,YouTube,1.1
8/1/2010,vSkcXc77GdI,Cities of the World S1E70 - STOCKHOLM Sweden,1,,YouTube,1.1
7/1/2010,vTTnlSIj7Sc,Cities of the World S1E46 - MALTA,1,,YouTube,1.1
7/1/2010,vUGlA51FEkc,Cities of the World S1E7 - BEIJING China,1,,YouTube,1.1
9/1/2010,vUGlA51FEkc,Cities of the World S1E7 - BEIJING China,2,,YouTube,1.1
9/1/2010,vv56wSO4qnQ,Bikini Destinations S1EBora - Bora Bora,2,,YouTube,1.1
12/1/2010,vvIF2p9OYD8,Travelview International S1E12 - Los Angeles,1,,YouTube,1.1
8/1/2010,vWr7ox8En3w,Get Outta Town S1E2717 - Madrid Spain,1,,YouTube,1.1
4/1/2010,vzdjLt85lmM,"Cortona, Montepulciano, and the Val D'Orcia",1,,YouTube,1.1
6/1/2010,vzdjLt85lmM,"Inside the Tuscan Hills S1E106 - Cortona, Montepulciano, and the Val D'Orcia",1,,YouTube,1.1
12/1/2010,w_j0NIl2L1w,Bikini Destinations S1EMaui - Maui Hawaii,1,,YouTube,1.65
9/1/2010,w_lAfVPoslI,Doug Jones Travelog S1E6 - The Great Canadian Train Ride,2,,YouTube,1.1
1/1/2010,W1pCdxCyWwY,Global Treasures TOWER OF LONDON & TOWER BRIDGE London,1,,YouTube,1.1
5/1/2010,W1pCdxCyWwY,IMAX S1E5 - Africa The Serengeti,1,,YouTube,1.1
10/1/2010,W1pCdxCyWwY,IMAX S1E5 - Africa The Serengeti,2,,YouTube,1.1
11/1/2010,W1pCdxCyWwY,IMAX S1E5 - Africa The Serengeti,1,,YouTube,1.1
9/1/2010,W2Yxi5ZoLQY,Bikini Destinations S1ESBCAN - Spring Break CanCun,1,,YouTube,1.1
11/1/2010,W4WlvTuvU6U,Global Treasures S1E1116 - LIJIANG Venice of the Far East China,1,,YouTube,1.1
12/1/2010,W4WlvTuvU6U,Global Treasures S1E1116 - LIJIANG Venice of the Far East China,1,,YouTube,1.1
11/1/2010,w8nL6qW-kHY,Get Outta Town S1E2694 - Sydney Australia,1,,YouTube,1.1
8/1/2010,wAF2-yw_Ycc,Cities of the World S1E68 - SPAIN,1,,YouTube,1.1
9/1/2010,wAF2-yw_Ycc,Cities of the World S1E68 - SPAIN,3,,YouTube,1.1
10/1/2010,wAF2-yw_Ycc,Cities of the World S1E68 - SPAIN,1,,YouTube,1.1
11/1/2010,wAF2-yw_Ycc,Cities of the World S1E68 - SPAIN,1,,YouTube,1.1
12/1/2010,wAF2-yw_Ycc,Cities of the World S1E68 - SPAIN,1,,YouTube,1.1
2/1/2010,wb-jPO_zy7Y,JAZZ-GYM Body Training With A Funny Beat,1,,YouTube,1.1
3/1/2010,wb-jPO_zy7Y,JAZZ-GYM Body Training With A Funny Beat,1,,YouTube,1.1
6/1/2010,wb-jPO_zy7Y,Viva Fit 'n Fun S1E110 - JAZZ-GYM Body Training With A Funny Beat,1,,YouTube,1.1
7/1/2010,WDD7ztGdzio,Cities of the World S1E6 - BAVARIA Germany,1,,YouTube,1.1
9/1/2010,WDD7ztGdzio,Cities of the World S1E6 - BAVARIA Germany,1,,YouTube,1.1
2/1/2010,wFAVGhA_0Og,A Camel Safari in the Thar Desert,1,,YouTube,1.1
12/1/2010,wG6Ky8-sFik,"Great Chefs of Austria S1E123 - Chef Martin A.  Reitberger Seefeld, Tyrol Hotel St.  Peter",1,,YouTube,1.1
5/1/2010,WJBvfPL9hsQ,Legacy of Ancient Civilizations S1E1 - Carthage and the Phoenicians,1,,YouTube,1.1
6/1/2010,WJBvfPL9hsQ,Legacy of Ancient Civilizations S1E1 - Carthage and the Phoenicians,1,,YouTube,1.1
12/1/2010,WJBvfPL9hsQ,Legacy of Ancient Civilizations S1E1 - Carthage and the Phoenicians,1,,YouTube,1.1
3/1/2010,wK09mLmAROU,Fiji Part B,1,,YouTube,1.1
12/1/2010,Wv59bF2UwDQ,Vista Point S1E171 - BAHAMAS,1,,YouTube,1.1
11/1/2010,WvgVqmQyyZo,Norwegian Star,1,,YouTube,1.1
10/1/2010,wXE2SvKdLWg,"Global Treasures S1E1167 - CATHEDRAL OF SANTIAGO OF COMPOSTELA Galicia, Spain",2,,YouTube,1.1
11/1/2010,wXE2SvKdLWg,"Global Treasures S1E1167 - CATHEDRAL OF SANTIAGO OF COMPOSTELA Galicia, Spain",1,,YouTube,1.1
4/1/2010,WZqdtruBLmA,Australia Land Beyond Time,1,,YouTube,1.1
3/1/2010,WzSpokeQdX8,Historical World Fairs New York Volume IV,1,,YouTube,1.1
3/1/2010,x_8GhsU3FLE,Istanbul Turkey,1,,YouTube,1.1
5/1/2010,x_8GhsU3FLE,Cities of the World S1E36 - Istanbul Turkey,1,,YouTube,1.1
9/1/2010,X0_MTLyadVE,"Porthole TV S1E108 - Grand Cayman Shore Excursion Featuring: Turtle Farm, Atlantis Submarine",1,,YouTube,1.1
12/1/2010,x83StZ3PqyA,7 Days - Jordan,1,,YouTube,2.2
6/1/2010,X9YOI0ZQY00,Bikini Destinations S1ESBMIA - South Beach Miami,1,,YouTube,1.1
9/1/2010,X9YOI0ZQY00,Bikini Destinations S1ESBMIA - South Beach Miami,1,,YouTube,1.1
3/1/2010,XaqjltL3raM,NAKURU Kenya,1,,YouTube,1.1
4/1/2010,-XECgp_js28,Budapest Hungary,1,,YouTube,1.1
7/1/2010,-XECgp_js28,Cities of the World S1E9 - BUDAPEST Hungary,1,,YouTube,1.1
10/1/2010,xl_syKdtFT0,Vista Point S1E170 - BUDAPEST Hungary,1,,YouTube,1.1
2/1/2010,XP0HZtKPRpU,"Toronto, Canada",1,,YouTube,1.1
2/1/2010,xVcSCxw9WD8,SKI-GYM Strength and Agility For Winter,1,,YouTube,1.1
2/1/2010,Y1ks_IpCoyc,LOUISIANA SWAMPS U.S.A.,1,,YouTube,1.1
9/1/2010,Y1ks_IpCoyc,Nature Wonders S1E136 - LOUISIANA SWAMPS U.S.A.,1,,YouTube,1.1
10/1/2010,Y2HH5xW3FKU,COSMOS GLOBAL DOCUMENTARIES S1E129 - NORTH AMERICA Wonderland Of Nature Part - 3,1,,YouTube,1.1
1/1/2010,Y-8Ao8oncjc,A Video Postcard from the Grand Canyon,1,,YouTube,1.1
4/1/2010,Y-8Ao8oncjc,Skimming the Surface,1,,YouTube,1.1
3/1/2010,ycdAPwHbf50,Bare Necessities Nude Cruising,1,,YouTube,5.5
4/1/2010,ycdAPwHbf50,Bare Necessities Nude Cruising,1,,YouTube,5.5
5/1/2010,ycdAPwHbf50,The Nude Traveler S1E106 - Bare Necessities Nude Cruising,1,,YouTube,5.5
7/1/2010,ycdAPwHbf50,The Nude Traveler S1E106 - Bare Necessities Nude Cruising,2,,YouTube,5.5
8/1/2010,ycdAPwHbf50,The Nude Traveler S1E106 - Bare Necessities Nude Cruising,4,,YouTube,5.5
9/1/2010,ycdAPwHbf50,The Nude Traveler S1E106 - Bare Necessities Nude Cruising,2,,YouTube,5.5
11/1/2010,ycdAPwHbf50,The Nude Traveler S1E106 - Bare Necessities Nude Cruising,3,,YouTube,5.5
12/1/2010,ycdAPwHbf50,The Nude Traveler S1E106 - Bare Necessities Nude Cruising,1,,YouTube,5.5
4/1/2010,YdMoWWrVNkE,Turkey,1,,YouTube,1.1
7/1/2010,yEwwX9hxsZ4,Vista Point S1E149 - BARCELONA Spain,2,,YouTube,1.1
11/1/2010,yEwwX9hxsZ4,Vista Point S1E149 - BARCELONA Spain,1,,YouTube,1.1
12/1/2010,yHEQFY91p-8,Great Chefs of Austria S1E129 - Chef Lisl Wagner-Bacher Mautern Landhaus Bacher,1,,YouTube,1.1
3/1/2010,YjmJFtlg_pE,SALZBURG Austria,1,,YouTube,1.1
6/1/2010,YKAoE1goFjk,The Little Travelers S1E103 - Bali,1,,YouTube,1.1
10/1/2010,YKAoE1goFjk,The Little Travelers S1E103 - Bali,1,,YouTube,1.1
12/1/2010,YKR_YqX7xoU,"Global Treasures S2E1031 - ROYAL PALACE OF MADRID Madrid, Spain",1,,YouTube,1.1
2/1/2010,ylUWiYaG87g,Peru,1,,YouTube,1.1
4/1/2010,ylUWiYaG87g,Peru,1,,YouTube,1.1
8/1/2010,ylUWiYaG87g,Cities of the World S1E54 - PERU,1,,YouTube,1.1
9/1/2010,ylUWiYaG87g,Cities of the World S1E54 - PERU,1,,YouTube,1.1
4/1/2010,Yo0bfV2RmOM,Johannesburg South Africa,1,,YouTube,1.1
11/1/2010,Yo0bfV2RmOM,Let's Shop S1E104 - Johannesburg South Africa,1,,YouTube,1.1
8/1/2010,YP_V_me9JtQ,Equitrekking S1E106 - Spain,1,,YouTube,1.1
10/1/2010,YP_V_me9JtQ,Equitrekking S1E106 - Spain,1,,YouTube,1.1
7/1/2010,Yp7fWjMWx0E,Bikini Destinations S1EHtrop - On Location with Hawaiian Tropic,1,,YouTube,1.1
10/1/2010,Yp7fWjMWx0E,Bikini Destinations S1EHtrop - On Location with Hawaiian Tropic,1,,YouTube,1.1
9/1/2010,YS36kJ-6Pzw,Prague (Praha) The Mother of Cities,1,,YouTube,1.1
2/1/2010,YSt8HQhQoYA,Belize,1,,YouTube,1.1
2/1/2010,YVOyXzOV8UY,Super Chief Speed-Style-Service,1,,YouTube,1.1
7/1/2010,YVOyXzOV8UY,Super Chief Speed-Style-Service,1,,YouTube,1.1
9/1/2010,YVOyXzOV8UY,Super Chief Speed-Style-Service,1,,YouTube,1.1
10/1/2010,YWG7FXk1a2k,Cities of the World S1E58 - RHODES Greece,1,,YouTube,1.1
10/1/2010,yzmE55b_6aY,EXTRAVAGANZA S1E20 - EMIRATES PALACE - Abu Dhabi United Arab Emirates,1,,YouTube,1.1
11/1/2010,Z6MC0zuxN-k,"Global Treasures S2E1083 - LOUVRE Paris, France",1,,YouTube,1.1
3/1/2010,ZcQi5t3JH4M,"BOSTON.MA, USA",1,,YouTube,1.1
10/1/2010,zFhVLMvmi14,Global Treasures S2E1140 - CHAVIN DE HUANTAR Peru,1,,YouTube,1.1
4/1/2010,ZhnaT4p7WXU,Ireland,1,,YouTube,1.1
4/1/2010,Zi-eYQ_W1pg,MYANMAR / BURMA,1,,YouTube,1.1
3/1/2010,ZigOAAu1X5s,Thailand,1,,YouTube,1.1
10/1/2010,ZNNMZwGAEEU,7 Days S1E135 - VIETNAM,1,,YouTube,1.1
10/1/2010,zozYVs9PqQ8,Weekend Explorer S3E314 - Wild Taiwan,1,,YouTube,1.1
12/1/2010,ZpwYcvMyRtk,Great Chefs of Austria S1E118 - Chef Gunter Gaderbauer Bad Ischl Restaurant Villa Schratt,2,,YouTube,1.1
10/1/2010,zQG3VL7E-b4,Alternate Routes S1E2588 - New Zealand,1,,YouTube,1.1
6/1/2010,zQnA_mVTEXU,Cold War Era S1E103 - Dangers On The Home Front,1,,YouTube,1.1
8/1/2010,zRJYOQQ2ZKs,Travelview International Holland,1,,YouTube,1.1
2/1/2010,ZSZyQXagqro,"Cape Cod, Massachusetts",1,,YouTube,1.1
8/1/2010,zt8K_h7_Zfc,Switzerland Country of Mountains,1,,YouTube,1.1
9/1/2010,zuceo83pzWQ,Doug Jones Travelog S1E12 - Egypt Gift of the Nile,1,,YouTube,1.1
11/1/2010,zuceo83pzWQ,Doug Jones Travelog S1E12 - Egypt Gift of the Nile,1,,YouTube,1.1
2/1/2010,ZuRixhZ8QIw,Exploring French Wine Regions,1,,YouTube,1.1
9/1/2010,ZuRixhZ8QIw,Exploring French Wine Regions,1,,YouTube,1.1
6/1/2010,ZY4gnfQ0U2w,Porthole TV S1E105 - Ship: MV Columbus Great Lakes Cruising,1,,YouTube,1.1
8/1/2010,ZYPmh6vOx38,The Seasoned Traveler S1E101 - Bermuda on a Budget,2,,YouTube,1.1
