PO_ID,EXTERNAL_ID,ABIS_STOCK,CATALOG_NUMBER,ASIN,TITLE,LIST_PRICE,DISCOUNT,COST,SUBMITTED_QTY,FILL_QTY,CONFIRM_QTY,CANCEL_QTY,RCVD_QTY,ESD,EDD,ACK_STATE,PREV_ERROR,VEN_CODE,FC,CONDITION,PO_DATE,START_SHIP,END_SHIP,IS_BACKORDER,FREIGHT_TERM,PAY_TERMS,PO_SPEC_INSTR,PO_COMMENTS
Order/PO Number,External ID,Model Number,Catalogue Number,ASIN,Title,List Price,Discount,Cost,Quantity Ordered,Previously Confirmed Quantity,Quantity Confirmed,Quantity Canceled,Quantity Received,Expected Ship Date,Expected Delivery Date,Availability Status,Error From Previous Upload Attempt,Vendor Code,Fulfillment Center,Condition,Order Date,Earliest Ship,Latest Ship,Is Backorder,Freight Terms,Payment Method,Special Instructions,Comments
R7995180,0897892001037,,DIGIDVD00103,B001EUJBKK,A Video Postcard  A Video Postcard from Monument Valley and Canyon de Chelly (REGION 1) (NTSC),£6.63,35%,£4.31,1,,1,0,0,4-Feb-2009,4. Februar 2009,AC - Accepted and shipped,,TRAEF,LTN1,Unconfirmed,1-Feb-2009,1-Feb-2009,2-Feb-2009,No,Prepaid,Consignment,,
R7995180,0897892001044,,DIGIDVD00104,B001EUJBKU,A Video Postcard  A Video Postcard from Arizona (REGION 1) (NTSC),£6.63,35%,£4.31,1,,1,0,0,4-Feb-2009,4. Februar 2009,AC - Accepted and shipped,,TRAEF,LTN1,Unconfirmed,1-Feb-2009,1-Feb-2009,2-Feb-2009,No,Prepaid,Consignment,,
R7995180,0606041368729,,AWPDVD36872,B001EZ8GN8,Bird's Eye View Bird's Eye View The Desert Southwest Part 1 (REGION 1) (NTSC),£19.95,35%,£12.97,1,,1,0,0,4-Feb-2009,4. Februar 2009,AC - Accepted and shipped,,TRAEF,LTN1,Unconfirmed,1-Feb-2009,1-Feb-2009,2-Feb-2009,No,Prepaid,Consignment,,
R7995180,0883629489179,,C3DVDCOAST,B001GCVJRE,Kenya Coast (REGION 1) (NTSC),£19.95,35%,£12.97,1,,1,0,0,4-Feb-2009,4. Februar 2009,AC - Accepted and shipped,,TRAEF,LTN1,Unconfirmed,1-Feb-2009,1-Feb-2009,2-Feb-2009,No,Prepaid,Consignment,,
R7995180,0883629562827,,RSVPDVDSUN,B001GCVJS8,19 Spectacular Tropical Island Sunsets (REGION 1) (NTSC),£19.95,35%,£12.97,1,,1,0,0,4-Feb-2009,4. Februar 2009,AC - Accepted and shipped,,TRAEF,LTN1,Unconfirmed,1-Feb-2009,1-Feb-2009,2-Feb-2009,No,Prepaid,Consignment,,
R7995180,0883629488486,,FMFDVDCHIOS,B001GVJYFY,God's Lair God\'s Lair: Chios & Inousses (REGION 1) (NTSC),£24.95,35%,£16.22,1,,1,0,0,4-Feb-2009,4. Februar 2009,AC - Accepted and shipped,,TRAEF,LTN1,Unconfirmed,1-Feb-2009,1-Feb-2009,2-Feb-2009,No,Prepaid,Consignment,,
R7995180,0883629489094,,MLDVD00847,B001J54A24,"The Kvarner Islands Krk, Cres and Mali Losinj (REGION 1) (NTSC)",£19.95,35%,£12.97,1,,1,0,0,4-Feb-2009,4. Februar 2009,AC - Accepted and shipped,,TRAEF,LTN1,Unconfirmed,1-Feb-2009,1-Feb-2009,2-Feb-2009,No,Prepaid,Consignment,,
R7995180,0883629489117,,MLDVDPELO,B001J54A2E,Peloponnes Greece (REGION 1) (NTSC),£19.95,35%,£12.97,1,,1,0,0,4-Feb-2009,4. Februar 2009,AC - Accepted and shipped,,TRAEF,LTN1,Unconfirmed,1-Feb-2009,1-Feb-2009,2-Feb-2009,No,Prepaid,Consignment,,
R7995180,0883629515458,,MLDVDZADAR,B001J54A2O,Archipelago of Zadar (REGION 1) (NTSC),£19.95,35%,£12.97,1,,1,0,0,4-Feb-2009,4. Februar 2009,AC - Accepted and shipped,,TRAEF,LTN1,Unconfirmed,1-Feb-2009,1-Feb-2009,2-Feb-2009,No,Prepaid,Consignment,,
R7995180,0883629562902,,STPDVDPARMA,B001J54A4M,Le Strada di Parma (The Streets of Parma) (REGION 1) (NTSC),£19.95,35%,£12.97,1,,1,0,0,4-Feb-2009,4. Februar 2009,AC - Accepted and shipped,,TRAEF,LTN1,Unconfirmed,1-Feb-2009,1-Feb-2009,2-Feb-2009,No,Prepaid,Consignment,,
R7995180,0883629597027,,RIHDVDBHUTAN,B001JP62O8,Bhutan Adventures (REGION 1) (NTSC),£13.30,35%,£8.65,1,,1,0,0,4-Feb-2009,4. Februar 2009,AC - Accepted and shipped,,TRAEF,LTN1,Unconfirmed,1-Feb-2009,1-Feb-2009,2-Feb-2009,No,Prepaid,Consignment,,
R7995180,0883629597058,,KTDVDTAIWAN,B001JP62OS,Karma Trekkers  Taiwan China (REGION 1) (NTSC),£19.95,35%,£12.97,1,,1,0,0,4-Feb-2009,4. Februar 2009,AC - Accepted and shipped,,TRAEF,LTN1,Unconfirmed,1-Feb-2009,1-Feb-2009,2-Feb-2009,No,Prepaid,Consignment,,
R7995180,0883629597065,,CTCDVD49622,B001JP62PC,World's Greatest Festivals  The Ultimate Guide to America's Greatest Festivals (REGION 1) (NTSC),£14.95,35%,£9.72,1,,1,0,0,4-Feb-2009,4. Februar 2009,AC - Accepted and shipped,,TRAEF,LTN1,Unconfirmed,1-Feb-2009,1-Feb-2009,2-Feb-2009,No,Prepaid,Consignment,,
R7995180,0883629597072,,CTCDVD49465,B001JP62QG,World's Greatest Festivals  The Ultimate Guide to New York Fashion Week (REGION 1) (NTSC),£14.95,35%,£9.72,1,,1,0,0,4-Feb-2009,4. Februar 2009,AC - Accepted and shipped,,TRAEF,LTN1,Unconfirmed,1-Feb-2009,1-Feb-2009,2-Feb-2009,No,Prepaid,Consignment,,
R7995180,0883629597089,,CTCDVD49464,B001JP62R0,World's Greatest Festivals  The Ultimate Guide to Running of The Bulls Festival (REGION 1) (NTSC),£14.95,35%,£9.72,1,,1,0,0,4-Feb-2009,4. Februar 2009,AC - Accepted and shipped,,TRAEF,LTN1,Unconfirmed,1-Feb-2009,1-Feb-2009,2-Feb-2009,No,Prepaid,Consignment,,
R7995180,0883629597096,,CTCDVD48461,B001JP62RU,World's Greatest Festivals Festivals Most Extreme The Ultimate Guide (REGION 1) (NTSC),£14.95,35%,£9.72,1,,1,0,0,4-Feb-2009,4. Februar 2009,AC - Accepted and shipped,,TRAEF,LTN1,Unconfirmed,1-Feb-2009,1-Feb-2009,2-Feb-2009,No,Prepaid,Consignment,,
R7995180,0883629597119,,CTCDVD49462,B001JP62S4,World's Greatest Festivals  The Ultimate Guide to New Orleans Mardi Gras (REGION 1) (NTSC),£14.95,35%,£9.72,1,,1,0,0,4-Feb-2009,4. Februar 2009,AC - Accepted and shipped,,TRAEF,LTN1,Unconfirmed,1-Feb-2009,1-Feb-2009,2-Feb-2009,No,Prepaid,Consignment,,
R7995180,0883629597126,,CTCDVD49463,B001JP62SO,World's Greatest Festivals  The Ultimate Guide to New York City Halloween (REGION 1) (NTSC),£14.95,35%,£9.72,1,,1,0,0,4-Feb-2009,4. Februar 2009,AC - Accepted and shipped,,TRAEF,LTN1,Unconfirmed,1-Feb-2009,1-Feb-2009,2-Feb-2009,No,Prepaid,Consignment,,
R7995180,0883629597133,,CTCDVD49466,B001JP62T8,World's Greatest Festivals  The Ultimate Guide to the Sturgis Motorcycle Rally (REGION 1) (NTSC),£14.95,35%,£9.72,1,,1,0,0,4-Feb-2009,4. Februar 2009,AC - Accepted and shipped,,TRAEF,LTN1,Unconfirmed,1-Feb-2009,1-Feb-2009,2-Feb-2009,No,Prepaid,Consignment,,
R7995180,0883629597324,,GSEDVDVINES,B001JP6310,Vines Down Under Wine Regions of Australia and New Zealand (REGION 1) (NTSC),£24.95,35%,£16.22,1,,1,0,0,4-Feb-2009,4. Februar 2009,AC - Accepted and shipped,,TRAEF,LTN1,Unconfirmed,1-Feb-2009,1-Feb-2009,2-Feb-2009,No,Prepaid,Consignment,,
R7995180,0883629597331,,GSEDVDHIMA,B001JP631K,Himalayan Journeys in Nepal and Ladakh (REGION 1) (NTSC),£24.95,35%,£16.22,1,,1,0,0,4-Feb-2009,4. Februar 2009,AC - Accepted and shipped,,TRAEF,LTN1,Unconfirmed,1-Feb-2009,1-Feb-2009,2-Feb-2009,No,Prepaid,Consignment,,
R7995180,0883629597348,,GSEDVDSAHEL,B001JP6324,Sahel A West African Journey (REGION 1) (NTSC),£24.95,35%,£16.22,1,,1,0,0,4-Feb-2009,4. Februar 2009,AC - Accepted and shipped,,TRAEF,LTN1,Unconfirmed,1-Feb-2009,1-Feb-2009,2-Feb-2009,No,Prepaid,Consignment,,
R7995180,0883629597379,,LSDVD101,B001JP633I,Let's Shop  Bangkok Thailand (REGION 1) (NTSC),£19.95,35%,£12.97,1,,1,0,0,4-Feb-2009,4. Februar 2009,AC - Accepted and shipped,,TRAEF,LTN1,Unconfirmed,1-Feb-2009,1-Feb-2009,2-Feb-2009,No,Prepaid,Consignment,,
R7995180,0883629597577,,LSDVD209,B001JP6342,Let's Shop  Beijing (REGION 1) (NTSC),£19.95,35%,£12.97,1,,1,0,0,4-Feb-2009,4. Februar 2009,AC - Accepted and shipped,,TRAEF,LTN1,Unconfirmed,1-Feb-2009,1-Feb-2009,2-Feb-2009,No,Prepaid,Consignment,,
R7995180,0883629597591,,LSDVD211,B001JP634M,Let's Shop  Baltic States Part 2 (REGION 1) (NTSC),£19.95,35%,£12.97,1,,1,0,0,4-Feb-2009,4. Februar 2009,AC - Accepted and shipped,,TRAEF,LTN1,Unconfirmed,1-Feb-2009,1-Feb-2009,2-Feb-2009,No,Prepaid,Consignment,,
R7995180,0883629597621,,KTDVD101,B001JP6356,Karma Trekkers  Peru (REGION 1) (NTSC),£19.95,35%,£12.97,1,,1,0,0,4-Feb-2009,4. Februar 2009,AC - Accepted and shipped,,TRAEF,LTN1,Unconfirmed,1-Feb-2009,1-Feb-2009,2-Feb-2009,No,Prepaid,Consignment,,
R7995180,0883629597638,,KTDVD102,B001JP635Q,Karma Trekkers  Malta (REGION 1) (NTSC),£19.95,35%,£12.97,1,,1,0,0,4-Feb-2009,4. Februar 2009,AC - Accepted and shipped,,TRAEF,LTN1,Unconfirmed,1-Feb-2009,1-Feb-2009,2-Feb-2009,No,Prepaid,Consignment,,
R7995180,0883629597645,,KTDVDSA,B001JP636A,Karma Trekkers  South Africa (REGION 1) (NTSC),£19.95,35%,£12.97,1,,1,0,0,4-Feb-2009,4. Februar 2009,AC - Accepted and shipped,,TRAEF,LTN1,Unconfirmed,1-Feb-2009,1-Feb-2009,2-Feb-2009,No,Prepaid,Consignment,,
R7995180,0883629597669,,KTDVDBALI,B001JP636U,Karma Trekkers  Bali Indonesia (REGION 1) (NTSC),£19.95,35%,£12.97,1,,1,0,0,4-Feb-2009,4. Februar 2009,AC - Accepted and shipped,,TRAEF,LTN1,Unconfirmed,1-Feb-2009,1-Feb-2009,2-Feb-2009,No,Prepaid,Consignment,,
R7995180,0883629597676,,KTDVDIRELAND,B001JP637O,Karma Trekkers  Ireland (REGION 1) (NTSC),£19.95,35%,£12.97,1,,1,0,0,4-Feb-2009,4. Februar 2009,AC - Accepted and shipped,,TRAEF,LTN1,Unconfirmed,1-Feb-2009,1-Feb-2009,2-Feb-2009,No,Prepaid,Consignment,,
R7995180,0883629597683,,KTDVDSEDONA,B001JP6388,Karma Trekkers  Sedona Arizona (REGION 1) (NTSC),£19.95,35%,£12.97,1,,1,0,0,4-Feb-2009,4. Februar 2009,AC - Accepted and shipped,,TRAEF,LTN1,Unconfirmed,1-Feb-2009,1-Feb-2009,2-Feb-2009,No,Prepaid,Consignment,,
R7995180,0883629597690,,LSDVDTAIWAN,B001JP638S,Let's Shop  Taiwan (REGION 1) (NTSC),£19.95,35%,£12.97,1,,1,0,0,4-Feb-2009,4. Februar 2009,AC - Accepted and shipped,,TRAEF,LTN1,Unconfirmed,1-Feb-2009,1-Feb-2009,2-Feb-2009,No,Prepaid,Consignment,,
R7995180,0883629597737,,TLTDVD2140,B001JP639M,"The Little Travelers  The British Isles Ireland, Scotland and England (REGION 1) (NTSC)",£19.95,35%,£12.97,1,,1,0,0,4-Feb-2009,4. Februar 2009,AC - Accepted and shipped,,TRAEF,LTN1,Unconfirmed,1-Feb-2009,1-Feb-2009,2-Feb-2009,No,Prepaid,Consignment,,
R7995180,0883629598000,,MLDVDCOP,B001JP63A6,Copenhagen (REGION 1) (NTSC),£19.95,35%,£12.97,1,,1,0,0,4-Feb-2009,4. Februar 2009,AC - Accepted and shipped,,TRAEF,LTN1,Unconfirmed,1-Feb-2009,1-Feb-2009,2-Feb-2009,No,Prepaid,Consignment,,
R7995180,0883629488479,,FMFDVDATHENS,B001MBTR1O,God's Lair God\'s Lair: Athens (REGION 1) (NTSC),£24.95,35%,£16.22,1,,1,0,0,4-Feb-2009,4. Februar 2009,AC - Accepted and shipped,,TRAEF,LTN1,Unconfirmed,1-Feb-2009,1-Feb-2009,2-Feb-2009,No,Prepaid,Consignment,,
R7995180,0883629488561,,NWGDVD186,B001MBTR1Y,Nature Wonders  SERENGETI (REGION 1) (NTSC),£14.95,35%,£9.72,1,,1,0,0,4-Feb-2009,4. Februar 2009,AC - Accepted and shipped,,TRAEF,LTN1,Unconfirmed,1-Feb-2009,1-Feb-2009,2-Feb-2009,No,Prepaid,Consignment,,
R7995180,0883629488578,,NWGDVD187,B001MBTR2I,Nature Wonders  COLORADO NATIONAL MONUMENT (REGION 1) (NTSC),£14.95,35%,£9.72,1,,1,0,0,4-Feb-2009,4. Februar 2009,AC - Accepted and shipped,,TRAEF,LTN1,Unconfirmed,1-Feb-2009,1-Feb-2009,2-Feb-2009,No,Prepaid,Consignment,,
R7995180,0883629488585,,NWGDVD188,B001MBTR2S,Nature Wonders  KRIMMLER WASSERFALLE (REGION 1) (NTSC),£9.97,35%,£6.48,1,,1,0,0,4-Feb-2009,4. Februar 2009,AC - Accepted and shipped,,TRAEF,LTN1,Unconfirmed,1-Feb-2009,1-Feb-2009,2-Feb-2009,No,Prepaid,Consignment,,
R7995180,0883629488592,,NWGDVD189,B001MBTR32,Nature Wonders  SELOUS GAME RESERVE (REGION 1) (NTSC),£14.95,35%,£9.72,1,,1,0,0,4-Feb-2009,4. Februar 2009,AC - Accepted and shipped,,TRAEF,LTN1,Unconfirmed,1-Feb-2009,1-Feb-2009,2-Feb-2009,No,Prepaid,Consignment,,
R7995180,0883629488608,,NWGDVD190,B001MBTR3C,Nature Wonders  BLACK CANYON OF THE GUNNISON (REGION 1) (NTSC),£14.95,35%,£9.72,1,,1,0,0,4-Feb-2009,4. Februar 2009,AC - Accepted and shipped,,TRAEF,LTN1,Unconfirmed,1-Feb-2009,1-Feb-2009,2-Feb-2009,No,Prepaid,Consignment,,
R7995180,0883629488615,,NWGDVD191,B001MBTR3M,Nature Wonders  BADLANDS (REGION 1) (NTSC),£14.95,35%,£9.72,1,,1,0,0,4-Feb-2009,4. Februar 2009,AC - Accepted and shipped,,TRAEF,LTN1,Unconfirmed,1-Feb-2009,1-Feb-2009,2-Feb-2009,No,Prepaid,Consignment,,
R7995180,0883629488622,,NWGDVD192,B001MBTR3W,Nature Wonders  LAKE MANYARA (REGION 1) (NTSC),£14.95,35%,£9.72,1,,1,0,0,4-Feb-2009,4. Februar 2009,AC - Accepted and shipped,,TRAEF,LTN1,Unconfirmed,1-Feb-2009,1-Feb-2009,2-Feb-2009,No,Prepaid,Consignment,,
R7995180,0883629488639,,NWGDVD193,B001MBTR46,Nature Wonders THE GIANT TREES OF ALISHAN (REGION 1) (NTSC),£14.95,35%,£9.72,1,,1,0,0,4-Feb-2009,4. Februar 2009,AC - Accepted and shipped,,TRAEF,LTN1,Unconfirmed,1-Feb-2009,1-Feb-2009,2-Feb-2009,No,Prepaid,Consignment,,
R7995180,0883629488646,,NWGDVD195,B001MBTR4Q,Nature Wonders  Arusha Park (REGION 1) (NTSC),£14.95,35%,£9.72,1,,1,0,0,4-Feb-2009,4. Februar 2009,AC - Accepted and shipped,,TRAEF,LTN1,Unconfirmed,1-Feb-2009,1-Feb-2009,2-Feb-2009,No,Prepaid,Consignment,,
R7995180,0883629597102,,CTCDVD494890,B001MBTRJQ,Great Cities of the World  The Ultimate Guide to the Best of Buenos Aries (REGION 1) (NTSC),£14.95,35%,£9.72,1,,1,0,0,4-Feb-2009,4. Februar 2009,AC - Accepted and shipped,,TRAEF,LTN1,Unconfirmed,1-Feb-2009,1-Feb-2009,2-Feb-2009,No,Prepaid,Consignment,,
R7995180,0883629597416,,LSDVD105,B001MBTRK0,Let's Shop  Singapore (REGION 1) (NTSC),£19.95,35%,£12.97,1,,1,0,0,4-Feb-2009,4. Februar 2009,AC - Accepted and shipped,,TRAEF,LTN1,Unconfirmed,1-Feb-2009,1-Feb-2009,2-Feb-2009,No,Prepaid,Consignment,,
R7995180,0883629597423,,LSDVD107,B001MBTRKU,Let's Shop  Abu Dhabi United Arab Emirates (REGION 1) (NTSC),£19.95,35%,£12.97,1,,1,0,0,4-Feb-2009,4. Februar 2009,AC - Accepted and shipped,,TRAEF,LTN1,Unconfirmed,1-Feb-2009,1-Feb-2009,2-Feb-2009,No,Prepaid,Consignment,,
R7995180,0883629597430,,LSDVD108,B001MBTRLE,Let's Shop  Montreal Canada (REGION 1) (NTSC),£19.95,35%,£12.97,1,,1,0,0,4-Feb-2009,4. Februar 2009,AC - Accepted and shipped,,TRAEF,LTN1,Unconfirmed,1-Feb-2009,1-Feb-2009,2-Feb-2009,No,Prepaid,Consignment,,
R7995180,0883629597461,,LSDVD111,B001MBTRLO,Let's Shop  Nice France (REGION 1) (NTSC),£19.95,35%,£12.97,1,,1,0,0,4-Feb-2009,4. Februar 2009,AC - Accepted and shipped,,TRAEF,LTN1,Unconfirmed,1-Feb-2009,1-Feb-2009,2-Feb-2009,No,Prepaid,Consignment,,
R7995180,0883629597485,,LSDVD113,B001MBTRMI,Let's Shop  Arab Gulf States Oman & Qatar (REGION 1) (NTSC),£19.95,35%,£12.97,1,,1,0,0,4-Feb-2009,4. Februar 2009,AC - Accepted and shipped,,TRAEF,LTN1,Unconfirmed,1-Feb-2009,1-Feb-2009,2-Feb-2009,No,Prepaid,Consignment,,
R7995180,0883629597492,,LSDVD201,B001MBTRN2,Let's Shop  Buenos Aires Argentina (REGION 1) (NTSC),£19.95,35%,£12.97,1,,1,0,0,4-Feb-2009,4. Februar 2009,AC - Accepted and shipped,,TRAEF,LTN1,Unconfirmed,1-Feb-2009,1-Feb-2009,2-Feb-2009,No,Prepaid,Consignment,,
R7995180,0883629597546,,LSDVD206,B001MBTRNC,Let's Shop  Boston (REGION 1) (NTSC),£19.95,35%,£12.97,1,,1,0,0,4-Feb-2009,4. Februar 2009,AC - Accepted and shipped,,TRAEF,LTN1,Unconfirmed,1-Feb-2009,1-Feb-2009,2-Feb-2009,No,Prepaid,Consignment,,
R7995180,0883629597584,,LSDVD210,B001MBTRNW,Let's Shop  Baltic States Part 1 (REGION 1) (NTSC),£19.95,35%,£12.97,1,,1,0,0,4-Feb-2009,4. Februar 2009,AC - Accepted and shipped,,TRAEF,LTN1,Unconfirmed,1-Feb-2009,1-Feb-2009,2-Feb-2009,No,Prepaid,Consignment,,
R7995180,0883629627786,,NWGDVD194,B001MBTRWS,Nature Wonders  ROCKY MOUNTAIN NATIONAL PARK (REGION 1) (NTSC),£14.95,35%,£9.72,1,,1,0,0,4-Feb-2009,4. Februar 2009,AC - Accepted and shipped,,TRAEF,LTN1,Unconfirmed,1-Feb-2009,1-Feb-2009,2-Feb-2009,No,Prepaid,Consignment,,
R7995180,0879061003370,,WWDVDICE,B001OCBYXA,Europe's Wild Gem Iceland -- It's so much more than ice! (REGION 1) (NTSC),£29.95,35%,£19.47,1,,1,0,0,4-Feb-2009,4. Februar 2009,AC - Accepted and shipped,,TRAEF,LTN1,Unconfirmed,1-Feb-2009,1-Feb-2009,2-Feb-2009,No,Prepaid,Consignment,,
R7995180,0879061004827,,WTFDVDSCOT,B001OCCHYU,Scotland (REGION 1) (NTSC),£24.95,35%,£16.22,1,,1,0,0,4-Feb-2009,4. Februar 2009,AC - Accepted and shipped,,TRAEF,LTN1,Unconfirmed,1-Feb-2009,1-Feb-2009,2-Feb-2009,No,Prepaid,Consignment,,
R7995180,0879061004834,,WTFDVDTAH,B001OCE5TK,Tahiti and Fiji (REGION 1) (NTSC),£24.95,35%,£16.22,1,,1,0,0,4-Feb-2009,4. Februar 2009,AC - Accepted and shipped,,TRAEF,LTN1,Unconfirmed,1-Feb-2009,1-Feb-2009,2-Feb-2009,No,Prepaid,Consignment,,
R7995180,0879061004858,,WTFDVDMEX,B001OCF28S,The Other side of Mexico (REGION 1) (NTSC),£24.95,35%,£16.22,1,,1,0,0,4-Feb-2009,4. Februar 2009,AC - Accepted and shipped,,TRAEF,LTN1,Unconfirmed,1-Feb-2009,1-Feb-2009,2-Feb-2009,No,Prepaid,Consignment,,
R7995180,0883629693781,,WTFDVDBESTOF,B001ODK3P4,The Best of Bavaria (REGION 1) (NTSC),£24.95,35%,£16.22,1,,1,0,0,4-Feb-2009,4. Februar 2009,AC - Accepted and shipped,,TRAEF,LTN1,Unconfirmed,1-Feb-2009,1-Feb-2009,2-Feb-2009,No,Prepaid,Consignment,,
R7995180,0879061004797,,WTFDVDBAV,B001ODK4E4,Bavaria and the Black Forest (REGION 1) (NTSC),£24.95,35%,£16.22,1,,1,0,0,4-Feb-2009,4. Februar 2009,AC - Accepted and shipped,,TRAEF,LTN1,Unconfirmed,1-Feb-2009,1-Feb-2009,2-Feb-2009,No,Prepaid,Consignment,,
R7995180,0879061009051,,VSPDVDCOFFEE,B001ODNBXU,Coffee Culture USA (REGION 1) (NTSC),£19.95,35%,£12.97,1,,1,0,0,4-Feb-2009,4. Februar 2009,AC - Accepted and shipped,,TRAEF,LTN1,Unconfirmed,1-Feb-2009,1-Feb-2009,2-Feb-2009,No,Prepaid,Consignment,,
R7995180,0879061004780,,WTFDVDAK,B001ODP94O,Alaska (REGION 1) (NTSC),£24.95,35%,£16.22,1,,1,0,0,4-Feb-2009,4. Februar 2009,AC - Accepted and shipped,,TRAEF,LTN1,Unconfirmed,1-Feb-2009,1-Feb-2009,2-Feb-2009,No,Prepaid,Consignment,,
R7995180,0879061009990,,VPGDVD233,B001OLKWWK,Vista Point  ZANZIBAR ISLAND Tanzania (REGION 1) (NTSC),£19.99,35%,£12.99,1,,1,0,0,4-Feb-2009,4. Februar 2009,AC - Accepted and shipped,,TRAEF,LTN1,Unconfirmed,1-Feb-2009,1-Feb-2009,2-Feb-2009,No,Prepaid,Consignment,,
R7995180,0879061009938,,VPGDVD227,B001OLLXQY,Vista Point  SALT LAKE CITY Utah (REGION 1) (NTSC),£19.99,35%,£12.99,1,,1,0,0,4-Feb-2009,4. Februar 2009,AC - Accepted and shipped,,TRAEF,LTN1,Unconfirmed,1-Feb-2009,1-Feb-2009,2-Feb-2009,No,Prepaid,Consignment,,
R7995180,0879061009921,,VPGDVD226,B001OLLZBM,Vista Point  KUALA LUMPUR Malaysia (REGION 1) (NTSC),£19.99,35%,£12.99,1,,1,0,0,4-Feb-2009,4. Februar 2009,AC - Accepted and shipped,,TRAEF,LTN1,Unconfirmed,1-Feb-2009,1-Feb-2009,2-Feb-2009,No,Prepaid,Consignment,,
R7995180,0879061009877,,VPGDVD221,B001OLM3PO,Vista Point  SALZKAMMERGUT Austria (REGION 1) (NTSC),£19.99,35%,£12.99,1,,1,0,0,4-Feb-2009,4. Februar 2009,AC - Accepted and shipped,,TRAEF,LTN1,Unconfirmed,1-Feb-2009,1-Feb-2009,2-Feb-2009,No,Prepaid,Consignment,,
R7995180,0879061009976,,VPGDVD231,B001OLNWC2,Vista Point  VIENTIANE Laos (REGION 1) (NTSC),£19.99,35%,£12.99,1,,1,0,0,4-Feb-2009,4. Februar 2009,AC - Accepted and shipped,,TRAEF,LTN1,Unconfirmed,1-Feb-2009,1-Feb-2009,2-Feb-2009,No,Prepaid,Consignment,,
R7995180,0879061009945,,VPGDVD228,B001OLO03M,Vista Point  DAMASCUS Syria (REGION 1) (NTSC),£19.99,35%,£12.99,1,,1,0,0,4-Feb-2009,4. Februar 2009,AC - Accepted and shipped,,TRAEF,LTN1,Unconfirmed,1-Feb-2009,1-Feb-2009,2-Feb-2009,No,Prepaid,Consignment,,
R7995180,0879061009884,,VPGDVD222,B001OLO7QM,Vista Point  HAMBURG Germany (REGION 1) (NTSC),£19.99,35%,£12.99,1,,1,0,0,4-Feb-2009,4. Februar 2009,AC - Accepted and shipped,,TRAEF,LTN1,Unconfirmed,1-Feb-2009,1-Feb-2009,2-Feb-2009,No,Prepaid,Consignment,,
R7995180,0879061009969,,VPGDVD230,B001OLPUK4,Vista Point  IRELAND (REGION 1) (NTSC),£19.99,35%,£12.99,1,,1,0,0,4-Feb-2009,4. Februar 2009,AC - Accepted and shipped,,TRAEF,LTN1,Unconfirmed,1-Feb-2009,1-Feb-2009,2-Feb-2009,No,Prepaid,Consignment,,
R7995180,0879061009891,,VPGDVD223,B001OLQ5BM,Vista Point  AMMAN Jordan (REGION 1) (NTSC),£19.99,35%,£12.99,1,,1,0,0,4-Feb-2009,4. Februar 2009,AC - Accepted and shipped,,TRAEF,LTN1,Unconfirmed,1-Feb-2009,1-Feb-2009,2-Feb-2009,No,Prepaid,Consignment,,
R7995180,0879061009983,,VPGDVD232,B001OLSE7U,Vista Point  DENVER Colorado (REGION 1) (NTSC),£19.99,35%,£12.99,1,,1,0,0,4-Feb-2009,4. Februar 2009,AC - Accepted and shipped,,TRAEF,LTN1,Unconfirmed,1-Feb-2009,1-Feb-2009,2-Feb-2009,No,Prepaid,Consignment,,
R7995180,0879061009952,,VPGDVD229,B001OLSHZO,Vista Point  LAPLAND Finland (REGION 1) (NTSC),£19.99,35%,£12.99,1,,1,0,0,4-Feb-2009,4. Februar 2009,AC - Accepted and shipped,,TRAEF,LTN1,Unconfirmed,1-Feb-2009,1-Feb-2009,2-Feb-2009,No,Prepaid,Consignment,,
R7995180,0879061009914,,VPGDVD225,B001OLTIAC,Vista Point  ROVANIEMI Finland (REGION 1) (NTSC),£19.99,35%,£12.99,1,,1,0,0,4-Feb-2009,4. Februar 2009,AC - Accepted and shipped,,TRAEF,LTN1,Unconfirmed,1-Feb-2009,1-Feb-2009,2-Feb-2009,No,Prepaid,Consignment,,
R7995180,0879061009907,,VPGDVD224,B001OLTJAQ,Vista Point  PHNOM PENH Cambodia (REGION 1) (NTSC),£19.99,35%,£12.99,1,,1,0,0,4-Feb-2009,4. Februar 2009,AC - Accepted and shipped,,TRAEF,LTN1,Unconfirmed,1-Feb-2009,1-Feb-2009,2-Feb-2009,No,Prepaid,Consignment,,
R7995180,0879061004216,,VPGDVD217,B001OLU3WO,Vista Point  WACHAU Austria (REGION 1) (NTSC),£19.99,35%,£12.99,1,,1,0,0,4-Feb-2009,4. Februar 2009,AC - Accepted and shipped,,TRAEF,LTN1,Unconfirmed,1-Feb-2009,1-Feb-2009,2-Feb-2009,No,Prepaid,Consignment,,
R7995180,0879061004056,,VPGDVD201,B001OLUFWC,Vista Point  MALTA (REGION 1) (NTSC),£19.99,35%,£12.99,1,,1,0,0,4-Feb-2009,4. Februar 2009,AC - Accepted and shipped,,TRAEF,LTN1,Unconfirmed,1-Feb-2009,1-Feb-2009,2-Feb-2009,No,Prepaid,Consignment,,
R7995180,0879061004131,,VPGDVD209,B001OLUQNU,Vista Point  SIEM REAP ANGKOR Cambodia (REGION 1) (NTSC),£19.99,35%,£12.99,1,,1,0,0,4-Feb-2009,4. Februar 2009,AC - Accepted and shipped,,TRAEF,LTN1,Unconfirmed,1-Feb-2009,1-Feb-2009,2-Feb-2009,No,Prepaid,Consignment,,
R7995180,0879061009860,,VPGDVD220,B001OLV1YS,Vista Point  OSLO Norway (REGION 1) (NTSC),£19.99,35%,£12.99,1,,1,0,0,4-Feb-2009,4. Februar 2009,AC - Accepted and shipped,,TRAEF,LTN1,Unconfirmed,1-Feb-2009,1-Feb-2009,2-Feb-2009,No,Prepaid,Consignment,,
R7995180,0879061004063,,VPGDVD202,B001OLVVDY,Vista Point  BANEPA VALLEY Nepal (REGION 1) (NTSC),£19.99,35%,£12.99,1,,1,0,0,4-Feb-2009,4. Februar 2009,AC - Accepted and shipped,,TRAEF,LTN1,Unconfirmed,1-Feb-2009,1-Feb-2009,2-Feb-2009,No,Prepaid,Consignment,,
R7995180,0879061004117,,VPGDVD207,B001OLW0AW,Vista Point  CARINTHIA Austria (REGION 1) (NTSC),£19.99,35%,£12.99,1,,1,0,0,4-Feb-2009,4. Februar 2009,AC - Accepted and shipped,,TRAEF,LTN1,Unconfirmed,1-Feb-2009,1-Feb-2009,2-Feb-2009,No,Prepaid,Consignment,,
R7995180,0879061004209,,VPGDVD216,B001OLW6G0,Vista Point  VALLETTA Malta (REGION 1) (NTSC),£19.99,35%,£12.99,1,,1,0,0,4-Feb-2009,4. Februar 2009,AC - Accepted and shipped,,TRAEF,LTN1,Unconfirmed,1-Feb-2009,1-Feb-2009,2-Feb-2009,No,Prepaid,Consignment,,
R7995180,0879061009853,,VPGDVD219,B001OLX7KE,Vista Point  DUBLIN Ireland (REGION 1) (NTSC),£19.99,35%,£12.99,1,,1,0,0,4-Feb-2009,4. Februar 2009,AC - Accepted and shipped,,TRAEF,LTN1,Unconfirmed,1-Feb-2009,1-Feb-2009,2-Feb-2009,No,Prepaid,Consignment,,
R7995180,0879061004223,,VPGDVD218,B001OLXB46,Vista Point  HELSINKI Finland (REGION 1) (NTSC),£19.99,35%,£12.99,1,,1,0,0,4-Feb-2009,4. Februar 2009,AC - Accepted and shipped,,TRAEF,LTN1,Unconfirmed,1-Feb-2009,1-Feb-2009,2-Feb-2009,No,Prepaid,Consignment,,
R7995180,0879061004087,,VPGDVD204,B001OLXSNK,Vista Point  COSTA DEL SOL Spain (REGION 1) (NTSC),£19.99,35%,£12.99,1,,1,0,0,4-Feb-2009,4. Februar 2009,AC - Accepted and shipped,,TRAEF,LTN1,Unconfirmed,1-Feb-2009,1-Feb-2009,2-Feb-2009,No,Prepaid,Consignment,,
R7995180,0879061004124,,VPGDVD208,B001OLXURE,Vista Point  CHIANG MAI Thailand (REGION 1) (NTSC),£19.99,35%,£12.99,1,,1,0,0,4-Feb-2009,4. Februar 2009,AC - Accepted and shipped,,TRAEF,LTN1,Unconfirmed,1-Feb-2009,1-Feb-2009,2-Feb-2009,No,Prepaid,Consignment,,
R7995180,0879061004155,,VPGDVD211,B001OLXWBS,Vista Point  GRAZ Austria (REGION 1) (NTSC),£19.99,35%,£12.99,1,,1,0,0,4-Feb-2009,4. Februar 2009,AC - Accepted and shipped,,TRAEF,LTN1,Unconfirmed,1-Feb-2009,1-Feb-2009,2-Feb-2009,No,Prepaid,Consignment,,
R7995180,0879061004162,,VPGDVD212,B001OLXXQ2,Vista Point  TAIPEI Taiwan (REGION 1) (NTSC),£19.99,35%,£12.99,1,,1,0,0,4-Feb-2009,4. Februar 2009,AC - Accepted and shipped,,TRAEF,LTN1,Unconfirmed,1-Feb-2009,1-Feb-2009,2-Feb-2009,No,Prepaid,Consignment,,
R7995180,0879061004179,,VPGDVD213,B001OLXYVQ,Vista Point  ICELAND (REGION 1) (NTSC),£19.99,35%,£12.99,1,,1,0,0,4-Feb-2009,4. Februar 2009,AC - Accepted and shipped,,TRAEF,LTN1,Unconfirmed,1-Feb-2009,1-Feb-2009,2-Feb-2009,No,Prepaid,Consignment,,
R7995180,0879061004049,,VPGDVD200,B001OLZRJI,Vista Point  RAJASTHAN India (REGION 1) (NTSC),£19.99,35%,£12.99,1,,1,0,0,4-Feb-2009,4. Februar 2009,AC - Accepted and shipped,,TRAEF,LTN1,Unconfirmed,1-Feb-2009,1-Feb-2009,2-Feb-2009,No,Prepaid,Consignment,,
R7995180,0879061004094,,VPGDVD205,B001OLZY3W,Vista Point  REYKJAVIK Iceland (REGION 1) (NTSC),£19.99,35%,£12.99,1,,1,0,0,4-Feb-2009,4. Februar 2009,AC - Accepted and shipped,,TRAEF,LTN1,Unconfirmed,1-Feb-2009,1-Feb-2009,2-Feb-2009,No,Prepaid,Consignment,,
R7995180,0879061004100,,VPGDVD206,B001OLZYIW,Vista Point  HÀ NÔI Vietnam (REGION 1) (NTSC),£19.99,35%,£12.99,1,,1,0,0,4-Feb-2009,4. Februar 2009,AC - Accepted and shipped,,TRAEF,LTN1,Unconfirmed,1-Feb-2009,1-Feb-2009,2-Feb-2009,No,Prepaid,Consignment,,
R7995180,0879061004186,,VPGDVD214,B001OM04A4,Vista Point  KÓS Dodekanissa Greece (REGION 1) (NTSC),£19.99,35%,£12.99,1,,1,0,0,4-Feb-2009,4. Februar 2009,AC - Accepted and shipped,,TRAEF,LTN1,Unconfirmed,1-Feb-2009,1-Feb-2009,2-Feb-2009,No,Prepaid,Consignment,,
R7995180,0879061004148,,VPGDVD210,B001OM3CFS,Vista Point  SÀI GÒN Ho Chi Minh City Vietnam (REGION 1) (NTSC),£19.99,35%,£12.99,1,,1,0,0,4-Feb-2009,4. Februar 2009,AC - Accepted and shipped,,TRAEF,LTN1,Unconfirmed,1-Feb-2009,1-Feb-2009,2-Feb-2009,No,Prepaid,Consignment,,
R7995180,0879061004193,,VPGDVD215,B001OM3MXK,Vista Point  NORTH VIETNAM (REGION 1) (NTSC),£19.99,35%,£12.99,1,,1,0,0,4-Feb-2009,4. Februar 2009,AC - Accepted and shipped,,TRAEF,LTN1,Unconfirmed,1-Feb-2009,1-Feb-2009,2-Feb-2009,No,Prepaid,Consignment,,
R7995180,0879061005985,,VPGDVD151,B001ONFPC0,Vista Point THE GULF OF CALIFORNIA Mexico (REGION 1) (NTSC),£19.99,35%,£12.99,1,,1,0,0,4-Feb-2009,4. Februar 2009,AC - Accepted and shipped,,TRAEF,LTN1,Unconfirmed,1-Feb-2009,1-Feb-2009,2-Feb-2009,No,Prepaid,Consignment,,
R7995180,0879061008641,,VPGDVD157,B001ONFU9I,Vista Point  YUNNAN China (REGION 1) (NTSC),£19.99,35%,£12.99,1,,1,0,0,4-Feb-2009,4. Februar 2009,AC - Accepted and shipped,,TRAEF,LTN1,Unconfirmed,1-Feb-2009,1-Feb-2009,2-Feb-2009,No,Prepaid,Consignment,,
R7995180,0879061005978,,VPGDVD150,B001ONHRDA,Vista Point  MEKNES Morocco (REGION 1) (NTSC),£19.99,35%,£12.99,1,,1,0,0,4-Feb-2009,4. Februar 2009,AC - Accepted and shipped,,TRAEF,LTN1,Unconfirmed,1-Feb-2009,1-Feb-2009,2-Feb-2009,No,Prepaid,Consignment,,
R7995180,0883629488783,,GRKDVDKLU,B001PF73PO,Dive Travel  Key Largo and the Upper Keys A Diving Destination (REGION 1) (NTSC),£19.95,35%,£12.97,1,,1,0,0,4-Feb-2009,4. Februar 2009,AC - Accepted and shipped,,TRAEF,LTN1,Unconfirmed,1-Feb-2009,1-Feb-2009,2-Feb-2009,No,Prepaid,Consignment,,
R7995180,0883629489124,,MLDVD00830,B001PF73PY,Dubrovnik Pearl of the Adriatic Sea (REGION 1) (NTSC),£19.95,35%,£12.97,1,,1,0,0,4-Feb-2009,4. Februar 2009,AC - Accepted and shipped,,TRAEF,LTN1,Unconfirmed,1-Feb-2009,1-Feb-2009,2-Feb-2009,No,Prepaid,Consignment,,
R7995180,0883629515243,,CLPDVDCOSTA,B001PF73Q8,Costa Rica Royalty Free Stock Footage (REGION 1) (NTSC),£149.99,35%,£97.49,1,,1,0,0,4-Feb-2009,4. Februar 2009,AC - Accepted and shipped,,TRAEF,LTN1,Unconfirmed,1-Feb-2009,1-Feb-2009,2-Feb-2009,No,Prepaid,Consignment,,
R7995180,0883629597034,,DSPDVDDIVCOZ,B001PF73QI,Diving Cozumel Mexico Pearl of the Caribbean (REGION 1) (NTSC),£19.95,35%,£12.97,1,,1,0,0,4-Feb-2009,4. Februar 2009,AC - Accepted and shipped,,TRAEF,LTN1,Unconfirmed,1-Feb-2009,1-Feb-2009,2-Feb-2009,No,Prepaid,Consignment,,
R7995180,0883629597041,,LSDVD106,B001PF73QS,Let's Shop  Istanbul Turkey (REGION 1) (NTSC),£19.95,35%,£12.97,1,,1,0,0,4-Feb-2009,4. Februar 2009,AC - Accepted and shipped,,TRAEF,LTN1,Unconfirmed,1-Feb-2009,1-Feb-2009,2-Feb-2009,No,Prepaid,Consignment,,
R7995180,0883629597171,,GRKDVDBAY,B001PF73RC,"Dive Travel  The Bay Islands Roatan, Utila and Guanaja (REGION 1) (NTSC)",£19.95,35%,£12.97,1,,1,0,0,4-Feb-2009,4. Februar 2009,AC - Accepted and shipped,,TRAEF,LTN1,Unconfirmed,1-Feb-2009,1-Feb-2009,2-Feb-2009,No,Prepaid,Consignment,,
R7995180,0883629597188,,CLPDVDMUSIC,B001PF73RM,Musicians Around the World Royalty Free Stock Footage (REGION 1) (NTSC),£149.99,35%,£97.49,1,,1,0,0,4-Feb-2009,4. Februar 2009,AC - Accepted and shipped,,TRAEF,LTN1,Unconfirmed,1-Feb-2009,1-Feb-2009,2-Feb-2009,No,Prepaid,Consignment,,
R7995180,0883629597294,,TLTDVD3383,B001PF73RW,The Little Travelers  Japan (REGION 1) (NTSC),£19.95,35%,£12.97,1,,1,0,0,4-Feb-2009,4. Februar 2009,AC - Accepted and shipped,,TRAEF,LTN1,Unconfirmed,1-Feb-2009,1-Feb-2009,2-Feb-2009,No,Prepaid,Consignment,,
R7995180,0883629597300,,TLTDVD8521,B001PF73S6,The Little Travelers  Bali (REGION 1) (NTSC),£19.95,35%,£12.97,1,,1,0,0,4-Feb-2009,4. Februar 2009,AC - Accepted and shipped,,TRAEF,LTN1,Unconfirmed,1-Feb-2009,1-Feb-2009,2-Feb-2009,No,Prepaid,Consignment,,
R7995180,0883629597386,,LSDVD102,B001PF73SQ,Let's Shop  Shanghai China (REGION 1) (NTSC),£19.95,35%,£12.97,1,,1,0,0,4-Feb-2009,4. Februar 2009,AC - Accepted and shipped,,TRAEF,LTN1,Unconfirmed,1-Feb-2009,1-Feb-2009,2-Feb-2009,No,Prepaid,Consignment,,
R7995180,0883629597393,,LSDVD103,B001PF73T0,Let's Shop  Rio de Janeiro Brazil (REGION 1) (NTSC),£19.95,35%,£12.97,1,,1,0,0,4-Feb-2009,4. Februar 2009,AC - Accepted and shipped,,TRAEF,LTN1,Unconfirmed,1-Feb-2009,1-Feb-2009,2-Feb-2009,No,Prepaid,Consignment,,
R7995180,0883629597409,,LSDVD104,B001PF73TA,Let's Shop  Johannesburg South Africa (REGION 1) (NTSC),£19.95,35%,£12.97,1,,1,0,0,4-Feb-2009,4. Februar 2009,AC - Accepted and shipped,,TRAEF,LTN1,Unconfirmed,1-Feb-2009,1-Feb-2009,2-Feb-2009,No,Prepaid,Consignment,,
R7995180,0883629597447,,LSDVD109,B001PF73TK,Let's Shop  Cape Town South Africa (REGION 1) (NTSC),£19.95,35%,£12.97,1,,1,0,0,4-Feb-2009,4. Februar 2009,AC - Accepted and shipped,,TRAEF,LTN1,Unconfirmed,1-Feb-2009,1-Feb-2009,2-Feb-2009,No,Prepaid,Consignment,,
R7995180,0883629597454,,LSDVD110,B001PF73TU,Let's Shop  Tokyo Japan (REGION 1) (NTSC),£19.95,35%,£12.97,1,,1,0,0,4-Feb-2009,4. Februar 2009,AC - Accepted and shipped,,TRAEF,LTN1,Unconfirmed,1-Feb-2009,1-Feb-2009,2-Feb-2009,No,Prepaid,Consignment,,
R7995180,0883629597478,,LSDVD112,B001PF73U4,Let's Shop  Morocco Africa (REGION 1) (NTSC),£19.95,35%,£12.97,1,,1,0,0,4-Feb-2009,4. Februar 2009,AC - Accepted and shipped,,TRAEF,LTN1,Unconfirmed,1-Feb-2009,1-Feb-2009,2-Feb-2009,No,Prepaid,Consignment,,
R7995180,0883629597508,,LSDVD202,B001PF73UE,Let's Shop  Mumbai India (REGION 1) (NTSC),£19.95,35%,£12.97,1,,1,0,0,4-Feb-2009,4. Februar 2009,AC - Accepted and shipped,,TRAEF,LTN1,Unconfirmed,1-Feb-2009,1-Feb-2009,2-Feb-2009,No,Prepaid,Consignment,,
R7995180,0883629597515,,LSDVD203,B001PF73UO,Let's Shop  Vancouver & Kelowna (REGION 1) (NTSC),£19.95,35%,£12.97,1,,1,0,0,4-Feb-2009,4. Februar 2009,AC - Accepted and shipped,,TRAEF,LTN1,Unconfirmed,1-Feb-2009,1-Feb-2009,2-Feb-2009,No,Prepaid,Consignment,,
R7995180,0883629597522,,LSDVD204,B001PF73UY,Let's Shop  Toronto Canada (REGION 1) (NTSC),£19.95,35%,£12.97,1,,1,0,0,4-Feb-2009,4. Februar 2009,AC - Accepted and shipped,,TRAEF,LTN1,Unconfirmed,1-Feb-2009,1-Feb-2009,2-Feb-2009,No,Prepaid,Consignment,,
R7995180,0883629597539,,LSDVD205,B001PF73V8,Let's Shop  Provincetown (REGION 1) (NTSC),£19.95,35%,£12.97,1,,1,0,0,4-Feb-2009,4. Februar 2009,AC - Accepted and shipped,,TRAEF,LTN1,Unconfirmed,1-Feb-2009,1-Feb-2009,2-Feb-2009,No,Prepaid,Consignment,,
R7995180,0883629597553,,LSDVD207,B001PF73VI,Let's Shop  Caribbean (REGION 1) (NTSC),£19.95,35%,£12.97,1,,1,0,0,4-Feb-2009,4. Februar 2009,AC - Accepted and shipped,,TRAEF,LTN1,Unconfirmed,1-Feb-2009,1-Feb-2009,2-Feb-2009,No,Prepaid,Consignment,,
R7995180,0883629597560,,LSDVD208,B001PF73VS,Let's Shop  Copenhagen (REGION 1) (NTSC),£19.95,35%,£12.97,1,,1,0,0,4-Feb-2009,4. Februar 2009,AC - Accepted and shipped,,TRAEF,LTN1,Unconfirmed,1-Feb-2009,1-Feb-2009,2-Feb-2009,No,Prepaid,Consignment,,
R7995180,0883629597607,,LSDVD212,B001PF73W2,Let's Shop  Tahiti (REGION 1) (NTSC),£19.95,35%,£12.97,1,,1,0,0,4-Feb-2009,4. Februar 2009,AC - Accepted and shipped,,TRAEF,LTN1,Unconfirmed,1-Feb-2009,1-Feb-2009,2-Feb-2009,No,Prepaid,Consignment,,
R7995180,0883629597614,,LSDVD213,B001PF73WC,Let's Shop  Best Of (REGION 1) (NTSC),£19.95,35%,£12.97,1,,1,0,0,4-Feb-2009,4. Februar 2009,AC - Accepted and shipped,,TRAEF,LTN1,Unconfirmed,1-Feb-2009,1-Feb-2009,2-Feb-2009,No,Prepaid,Consignment,,
R7995180,0883629597652,,KTDVDMYAN,B001PF73WM,Karma Trekkers  Myanmar (REGION 1) (NTSC),£19.95,35%,£12.97,1,,1,0,0,4-Feb-2009,4. Februar 2009,AC - Accepted and shipped,,TRAEF,LTN1,Unconfirmed,1-Feb-2009,1-Feb-2009,2-Feb-2009,No,Prepaid,Consignment,,
R7995180,0883629597706,,CLPDVDSRI,B001PF73WW,Sri Lanka Royalty Free Stock Footage (REGION 1) (NTSC),£149.99,35%,£97.49,1,,1,0,0,4-Feb-2009,4. Februar 2009,AC - Accepted and shipped,,TRAEF,LTN1,Unconfirmed,1-Feb-2009,1-Feb-2009,2-Feb-2009,No,Prepaid,Consignment,,
R7995180,0883629597898,,MLDVDCANAL,B001PF73XG,Canal Du Midi (REGION 1) (NTSC),£19.95,35%,£12.97,1,,1,0,0,4-Feb-2009,4. Februar 2009,AC - Accepted and shipped,,TRAEF,LTN1,Unconfirmed,1-Feb-2009,1-Feb-2009,2-Feb-2009,No,Prepaid,Consignment,,
R7995180,0883629597904,,MLDVDFLA,B001PF73XQ,Florida West Coast (REGION 1) (NTSC),£19.95,35%,£12.97,1,,1,0,0,4-Feb-2009,4. Februar 2009,AC - Accepted and shipped,,TRAEF,LTN1,Unconfirmed,1-Feb-2009,1-Feb-2009,2-Feb-2009,No,Prepaid,Consignment,,
R7995180,0883629597911,,MLDVDMURTAL,B001PF73Y0,Murtal Express (REGION 1) (NTSC),£19.95,35%,£12.97,1,,1,0,0,4-Feb-2009,4. Februar 2009,AC - Accepted and shipped,,TRAEF,LTN1,Unconfirmed,1-Feb-2009,1-Feb-2009,2-Feb-2009,No,Prepaid,Consignment,,
R7995180,0883629597997,,MLDVDFAC,B001PF73ZE,French Atlantic Coast (REGION 1) (NTSC),£19.95,35%,£12.97,1,,1,0,0,4-Feb-2009,4. Februar 2009,AC - Accepted and shipped,,TRAEF,LTN1,Unconfirmed,1-Feb-2009,1-Feb-2009,2-Feb-2009,No,Prepaid,Consignment,,
R7995180,0883629688817,,7DYDVD166,B001PF73ZO,7 Days  SOUTH KOREA (REGION 1) (NTSC),£19.95,35%,£12.97,1,,1,0,0,4-Feb-2009,4. Februar 2009,AC - Accepted and shipped,,TRAEF,LTN1,Unconfirmed,1-Feb-2009,1-Feb-2009,2-Feb-2009,No,Prepaid,Consignment,,
R7995180,0883629688824,,7DYDVD168,B001PF73ZY,7 Days  INDIA (REGION 1) (NTSC),£19.95,35%,£12.97,1,,1,0,0,4-Feb-2009,4. Februar 2009,AC - Accepted and shipped,,TRAEF,LTN1,Unconfirmed,1-Feb-2009,1-Feb-2009,2-Feb-2009,No,Prepaid,Consignment,,
R7995180,0883629688848,,7DYDVD167,B001PF7408,7 Days  TIBET (REGION 1) (NTSC),£19.95,35%,£12.97,1,,1,0,0,4-Feb-2009,4. Februar 2009,AC - Accepted and shipped,,TRAEF,LTN1,Unconfirmed,1-Feb-2009,1-Feb-2009,2-Feb-2009,No,Prepaid,Consignment,,
R7995180,0883629688893,,BNTDVDSKIES3,B001PF740I,"Northern Skies 3 Nine Spectacular Aerial Joureys across Yorkshire, Cumbria and The North East (REGION 1) (NTSC)",£29.95,35%,£19.47,1,,1,0,0,4-Feb-2009,4. Februar 2009,AC - Accepted and shipped,,TRAEF,LTN1,Unconfirmed,1-Feb-2009,1-Feb-2009,2-Feb-2009,No,Prepaid,Consignment,,
R7995180,0883629688930,,CDGDVD153,B001PF7412,Cosmos Global Documentaries  TRIPOLITANIA - Libya (REGION 1) (NTSC),£19.95,35%,£12.97,1,,1,0,0,4-Feb-2009,4. Februar 2009,AC - Accepted and shipped,,TRAEF,LTN1,Unconfirmed,1-Feb-2009,1-Feb-2009,2-Feb-2009,No,Prepaid,Consignment,,
R7995180,0883629688947,,CDGDVD154,B001PF741C,Cosmos Global Documentaries  IN THE LAND OF THE HOLY MONKS - Tibet (REGION 1) (NTSC),£19.95,35%,£12.97,1,,1,0,0,4-Feb-2009,4. Februar 2009,AC - Accepted and shipped,,TRAEF,LTN1,Unconfirmed,1-Feb-2009,1-Feb-2009,2-Feb-2009,No,Prepaid,Consignment,,
R7995180,0883629688954,,CDGDVD155,B001PF741M,Cosmos Global Documentaries  IN THE LAND OF THE SILENT DAWN - South Korea (REGION 1) (NTSC),£19.95,35%,£12.97,1,,1,0,0,4-Feb-2009,4. Februar 2009,AC - Accepted and shipped,,TRAEF,LTN1,Unconfirmed,1-Feb-2009,1-Feb-2009,2-Feb-2009,No,Prepaid,Consignment,,
R7995180,0883629688978,,DAVDVDBEA,B001PF741W,Beaches In A Box (REGION 1) (NTSC),£19.98,35%,£12.99,1,,1,0,0,4-Feb-2009,4. Februar 2009,AC - Accepted and shipped,,TRAEF,LTN1,Unconfirmed,1-Feb-2009,1-Feb-2009,2-Feb-2009,No,Prepaid,Consignment,,
R7995180,0883629689036,,DAVDVDOTT,B001PF7426,Destination Ottawa (REGION 1) (NTSC),£19.95,35%,£12.97,1,,1,0,0,4-Feb-2009,4. Februar 2009,AC - Accepted and shipped,,TRAEF,LTN1,Unconfirmed,1-Feb-2009,1-Feb-2009,2-Feb-2009,No,Prepaid,Consignment,,
R7995180,0883629689081,,EXTDVD20,B001PF742G,"EXTRAVAGANZA  EMIRATES PALACE - Abu Dhabi, United Arab Emirates (REGION 1) (NTSC)",£19.95,35%,£12.97,1,,1,0,0,4-Feb-2009,4. Februar 2009,AC - Accepted and shipped,,TRAEF,LTN1,Unconfirmed,1-Feb-2009,1-Feb-2009,2-Feb-2009,No,Prepaid,Consignment,,
R7995180,0883629689098,,EXTDVD21,B001PF742Q,EXTRAVAGANZA  ATLANTIS - Bahamas (REGION 1) (NTSC),£19.95,35%,£12.97,1,,1,0,0,4-Feb-2009,4. Februar 2009,AC - Accepted and shipped,,TRAEF,LTN1,Unconfirmed,1-Feb-2009,1-Feb-2009,2-Feb-2009,No,Prepaid,Consignment,,
R7995180,0883629689142,,GOWDVD121,B001PF7430,Gardens of the World  PARK SANSSOUCI Germany (REGION 1) (NTSC),£19.99,35%,£12.99,1,,1,0,0,4-Feb-2009,4. Februar 2009,AC - Accepted and shipped,,TRAEF,LTN1,Unconfirmed,1-Feb-2009,1-Feb-2009,2-Feb-2009,No,Prepaid,Consignment,,
R7995180,0883629689166,,GTRDVD1261,B001PF743A,Global Treasures  CHANGDOK-KUNG - South Korea (REGION 1) (NTSC),£14.95,35%,£9.72,1,,1,0,0,4-Feb-2009,4. Februar 2009,AC - Accepted and shipped,,TRAEF,LTN1,Unconfirmed,1-Feb-2009,1-Feb-2009,2-Feb-2009,No,Prepaid,Consignment,,
R7995180,0883629689173,,GTRDVD1262,B001PF743K,Global Treasures  JOKHANG -Tibet (REGION 1) (NTSC),£14.95,35%,£9.72,1,,1,0,0,4-Feb-2009,4. Februar 2009,AC - Accepted and shipped,,TRAEF,LTN1,Unconfirmed,1-Feb-2009,1-Feb-2009,2-Feb-2009,No,Prepaid,Consignment,,
R7995180,0883629689180,,GTRDVD1263,B001PF743U,Global Treasures  SUWON HWASEONG - South Korea (REGION 1) (NTSC),£14.95,35%,£9.72,1,,1,0,0,4-Feb-2009,4. Februar 2009,AC - Accepted and shipped,,TRAEF,LTN1,Unconfirmed,1-Feb-2009,1-Feb-2009,2-Feb-2009,No,Prepaid,Consignment,,
R7995180,0883629689197,,GTRDVD1264,B001PF7444,Global Treasures  VICTORIA RAILWAY TERMINUS - India (REGION 1) (NTSC),£14.95,35%,£9.72,1,,1,0,0,4-Feb-2009,4. Februar 2009,AC - Accepted and shipped,,TRAEF,LTN1,Unconfirmed,1-Feb-2009,1-Feb-2009,2-Feb-2009,No,Prepaid,Consignment,,
R7995180,0883629689203,,GTRDVD1265,B001PF744E,Global Treasures  GYANG TSE - Tibet (REGION 1) (NTSC),£14.95,35%,£9.72,1,,1,0,0,4-Feb-2009,4. Februar 2009,AC - Accepted and shipped,,TRAEF,LTN1,Unconfirmed,1-Feb-2009,1-Feb-2009,2-Feb-2009,No,Prepaid,Consignment,,
R7995180,0883629689210,,GTRDVD1266,B001PF744O,Global Treasures  GYEONGBOK-KUNG - South Korea (REGION 1) (NTSC),£14.95,35%,£9.72,1,,1,0,0,4-Feb-2009,4. Februar 2009,AC - Accepted and shipped,,TRAEF,LTN1,Unconfirmed,1-Feb-2009,1-Feb-2009,2-Feb-2009,No,Prepaid,Consignment,,
R7995180,0883629689227,,GTRDVD1267,B001PF744Y,Global Treasures  BANARAS - India (REGION 1) (NTSC),£14.95,35%,£9.72,1,,1,0,0,4-Feb-2009,4. Februar 2009,AC - Accepted and shipped,,TRAEF,LTN1,Unconfirmed,1-Feb-2009,1-Feb-2009,2-Feb-2009,No,Prepaid,Consignment,,
R7995180,0883629689234,,GTRDVD1268,B001PF7458,Global Treasures  DREPUNG GONBA - Tibet (REGION 1) (NTSC),£14.95,35%,£9.72,1,,1,0,0,4-Feb-2009,4. Februar 2009,AC - Accepted and shipped,,TRAEF,LTN1,Unconfirmed,1-Feb-2009,1-Feb-2009,2-Feb-2009,No,Prepaid,Consignment,,
R7995180,0883629689241,,GTRDVD1269,B001PF745I,Global Treasures  CHONGMYO - South Korea (REGION 1) (NTSC),£14.95,35%,£9.72,1,,1,0,0,4-Feb-2009,4. Februar 2009,AC - Accepted and shipped,,TRAEF,LTN1,Unconfirmed,1-Feb-2009,1-Feb-2009,2-Feb-2009,No,Prepaid,Consignment,,
R7995180,0883629689258,,GTRDVD1270,B001PF745S,Global Treasures  BHUBANESWAR - India (REGION 1) (NTSC),£14.95,35%,£9.72,1,,1,0,0,4-Feb-2009,4. Februar 2009,AC - Accepted and shipped,,TRAEF,LTN1,Unconfirmed,1-Feb-2009,1-Feb-2009,2-Feb-2009,No,Prepaid,Consignment,,
R7995180,0883629689265,,GTRDVD1271,B001PF7462,Global Treasures  POTALA - Tibet (REGION 1) (NTSC),£14.95,35%,£9.72,1,,1,0,0,4-Feb-2009,4. Februar 2009,AC - Accepted and shipped,,TRAEF,LTN1,Unconfirmed,1-Feb-2009,1-Feb-2009,2-Feb-2009,No,Prepaid,Consignment,,
R7995180,0883629689272,,GTRDVD1272,B001PF746C,Global Treasures  HAEINSA - South Korea (REGION 1) (NTSC),£14.95,35%,£9.72,1,,1,0,0,4-Feb-2009,4. Februar 2009,AC - Accepted and shipped,,TRAEF,LTN1,Unconfirmed,1-Feb-2009,1-Feb-2009,2-Feb-2009,No,Prepaid,Consignment,,
R7995180,0883629689289,,GTRDVD1273,B001PF746M,Global Treasures  SHIGATSE - Tibet (REGION 1) (NTSC),£14.95,35%,£9.72,1,,1,0,0,4-Feb-2009,4. Februar 2009,AC - Accepted and shipped,,TRAEF,LTN1,Unconfirmed,1-Feb-2009,1-Feb-2009,2-Feb-2009,No,Prepaid,Consignment,,
R7995180,0883629689296,,GTRDVD1274,B001PF746W,"Global Treasures  ELEPHANTA - Mumbai, India (REGION 1) (NTSC)",£14.95,35%,£9.72,1,,1,0,0,4-Feb-2009,4. Februar 2009,AC - Accepted and shipped,,TRAEF,LTN1,Unconfirmed,1-Feb-2009,1-Feb-2009,2-Feb-2009,No,Prepaid,Consignment,,
R7995180,0883629689302,,GTRDVD1275,B001PF7476,Global Treasures  GYEONG JU - South Korea (REGION 1) (NTSC),£14.95,35%,£9.72,1,,1,0,0,4-Feb-2009,4. Februar 2009,AC - Accepted and shipped,,TRAEF,LTN1,Unconfirmed,1-Feb-2009,1-Feb-2009,2-Feb-2009,No,Prepaid,Consignment,,
R7995180,0883629689319,,GTRDVD1276,B001PF747G,Global Treasures  NORBULING KA - Tibet (REGION 1) (NTSC),£14.95,35%,£9.72,1,,1,0,0,4-Feb-2009,4. Februar 2009,AC - Accepted and shipped,,TRAEF,LTN1,Unconfirmed,1-Feb-2009,1-Feb-2009,2-Feb-2009,No,Prepaid,Consignment,,
R7995180,0883629689326,,GTRDVD1277,B001PF747Q,Global Treasures  KONARK - India (REGION 1) (NTSC),£14.95,35%,£9.72,1,,1,0,0,4-Feb-2009,4. Februar 2009,AC - Accepted and shipped,,TRAEF,LTN1,Unconfirmed,1-Feb-2009,1-Feb-2009,2-Feb-2009,No,Prepaid,Consignment,,
R7995180,0883629689333,,GTRDVD1278,B001PF7480,"Global Treasures  SAMYE GONBA - Tibet, China (REGION 1) (NTSC)",£14.95,35%,£9.72,1,,1,0,0,4-Feb-2009,4. Februar 2009,AC - Accepted and shipped,,TRAEF,LTN1,Unconfirmed,1-Feb-2009,1-Feb-2009,2-Feb-2009,No,Prepaid,Consignment,,
R7995180,0883629689340,,GTRDVD1279,B001PF748A,Global Treasures  PULGUK-SA - South Korea (REGION 1) (NTSC),£14.95,35%,£9.72,1,,1,0,0,4-Feb-2009,4. Februar 2009,AC - Accepted and shipped,,TRAEF,LTN1,Unconfirmed,1-Feb-2009,1-Feb-2009,2-Feb-2009,No,Prepaid,Consignment,,
R7995180,0883629689357,,GTRDVD1280,B001PF748K,"Global Treasures  GANDEN GONBA - Tibet, China (REGION 1) (NTSC)",£14.95,35%,£9.72,1,,1,0,0,4-Feb-2009,4. Februar 2009,AC - Accepted and shipped,,TRAEF,LTN1,Unconfirmed,1-Feb-2009,1-Feb-2009,2-Feb-2009,No,Prepaid,Consignment,,
R7995180,0883629689388,,MLDVDGREEK,B001PF748U,Relaxational Impression Greek Impressions (REGION 1) (NTSC),£19.95,35%,£12.97,1,,1,0,0,4-Feb-2009,4. Februar 2009,AC - Accepted and shipped,,TRAEF,LTN1,Unconfirmed,1-Feb-2009,1-Feb-2009,2-Feb-2009,No,Prepaid,Consignment,,
R7995180,0883629689395,,MLDVDJUTLAND,B001PF7494,Jutland Denmark (REGION 1) (NTSC),£19.95,35%,£12.97,1,,1,0,0,4-Feb-2009,4. Februar 2009,AC - Accepted and shipped,,TRAEF,LTN1,Unconfirmed,1-Feb-2009,1-Feb-2009,2-Feb-2009,No,Prepaid,Consignment,,
R7995180,0883629689418,,MLDVDTRAIN,B001PF749E,Steaming Through Austria A Fancy Train In Styria From Stainz to Preding-Wieselsdorf (REGION 1) (NTSC),£19.95,35%,£12.97,1,,1,0,0,4-Feb-2009,4. Februar 2009,AC - Accepted and shipped,,TRAEF,LTN1,Unconfirmed,1-Feb-2009,1-Feb-2009,2-Feb-2009,No,Prepaid,Consignment,,
R7995180,0883629689425,,MLDVDWALD,B001PF749O,Steaming Through The World Waldviertel Express (REGION 1) (NTSC),£19.95,35%,£12.97,1,,1,0,0,4-Feb-2009,4. Februar 2009,AC - Accepted and shipped,,TRAEF,LTN1,Unconfirmed,1-Feb-2009,1-Feb-2009,2-Feb-2009,No,Prepaid,Consignment,,
R7995180,0883629689432,,MLDVDWATER,B001PF749Y,Relax With Nature  Waterfall (REGION 1) (NTSC),£19.95,35%,£12.97,1,,1,0,0,4-Feb-2009,4. Februar 2009,AC - Accepted and shipped,,TRAEF,LTN1,Unconfirmed,1-Feb-2009,1-Feb-2009,2-Feb-2009,No,Prepaid,Consignment,,
R7995180,0883629689524,,MPEDLLOST,B001PF74AI,IMAX Life in the Balance Lost Worlds Hosted by Harrison Ford (REGION 1) (NTSC),£15.99,35%,£10.39,1,,1,0,0,4-Feb-2009,4. Februar 2009,AC - Accepted and shipped,,TRAEF,LTN1,Unconfirmed,1-Feb-2009,1-Feb-2009,2-Feb-2009,No,Prepaid,Consignment,,
R7995180,0883629689623,,MTWDVD114,B001PF74AS,Modern Times Wonders  KAPRUN - Austria (REGION 1) (NTSC),£9.99,35%,£6.49,1,,1,0,0,4-Feb-2009,4. Februar 2009,AC - Accepted and shipped,,TRAEF,LTN1,Unconfirmed,1-Feb-2009,1-Feb-2009,2-Feb-2009,No,Prepaid,Consignment,,
R7995180,0883629689630,,MTWDVD115,B001PF74B2,"Modern Times Wonders  EMIRATES PALACE - Abu Dhabi, United Arab Emirates (REGION 1) (NTSC)",£9.99,35%,£6.49,1,,1,0,0,4-Feb-2009,4. Februar 2009,AC - Accepted and shipped,,TRAEF,LTN1,Unconfirmed,1-Feb-2009,1-Feb-2009,2-Feb-2009,No,Prepaid,Consignment,,
R7995180,0883629689647,,MTWDVD116,B001PF74BC,Modern Times Wonders  QINGHAI EXPRESS - China (REGION 1) (NTSC),£9.99,35%,£6.49,1,,1,0,0,4-Feb-2009,4. Februar 2009,AC - Accepted and shipped,,TRAEF,LTN1,Unconfirmed,1-Feb-2009,1-Feb-2009,2-Feb-2009,No,Prepaid,Consignment,,
R7995180,0883629689654,,MTWDVD117,B001PF74BM,Modern Times Wonders  ATLANTIS - Bahamas (REGION 1) (NTSC),£9.99,35%,£6.49,1,,1,0,0,4-Feb-2009,4. Februar 2009,AC - Accepted and shipped,,TRAEF,LTN1,Unconfirmed,1-Feb-2009,1-Feb-2009,2-Feb-2009,No,Prepaid,Consignment,,
R7995180,0883629689678,,OTTDVD146,B001PF74BW,On Tour...  DARJEELING  HIMALAYAN TOY TRAIN - India (REGION 1) (NTSC),£19.95,35%,£12.97,1,,1,0,0,4-Feb-2009,4. Februar 2009,AC - Accepted and shipped,,TRAEF,LTN1,Unconfirmed,1-Feb-2009,1-Feb-2009,2-Feb-2009,No,Prepaid,Consignment,,
R7995180,0883629689715,,TBSDVDGERMAN,B001PF74C6,The Brewshow  In Stuttgart Germany (REGION 1) (NTSC),£19.95,35%,£12.97,1,,1,0,0,4-Feb-2009,4. Februar 2009,AC - Accepted and shipped,,TRAEF,LTN1,Unconfirmed,1-Feb-2009,1-Feb-2009,2-Feb-2009,No,Prepaid,Consignment,,
R7995180,0883629689722,,TBSDVDIRELAND,B001PF74CG,The Brewshow  In Ireland (REGION 1) (NTSC),£19.95,35%,£12.97,1,,1,0,0,4-Feb-2009,4. Februar 2009,AC - Accepted and shipped,,TRAEF,LTN1,Unconfirmed,1-Feb-2009,1-Feb-2009,2-Feb-2009,No,Prepaid,Consignment,,
R7995180,0883629689739,,VPGDVD234,B001PF74CQ,Vista Point  ABU DHABI - United Arab Emirates (REGION 1) (NTSC),£19.95,35%,£12.97,1,,1,0,0,4-Feb-2009,4. Februar 2009,AC - Accepted and shipped,,TRAEF,LTN1,Unconfirmed,1-Feb-2009,1-Feb-2009,2-Feb-2009,No,Prepaid,Consignment,,
R7995180,0883629689746,,VPGDVD235,B001PF74D0,Vista Point  TRIPOLI - Libya (REGION 1) (NTSC),£19.99,35%,£12.99,1,,1,0,0,4-Feb-2009,4. Februar 2009,AC - Accepted and shipped,,TRAEF,LTN1,Unconfirmed,1-Feb-2009,1-Feb-2009,2-Feb-2009,No,Prepaid,Consignment,,
R7995180,0883629689753,,VPGDVD236,B001PF74DA,Vista Point  SEOUL - South Korea (REGION 0) (NTSC),£19.99,35%,£12.99,1,,1,0,0,4-Feb-2009,4. Februar 2009,AC - Accepted and shipped,,TRAEF,LTN1,Unconfirmed,1-Feb-2009,1-Feb-2009,2-Feb-2009,No,Prepaid,Consignment,,
R7995180,0883629689760,,VPGDVD237,B001PF74DK,"Vista Point  LHASA - Tibet, China (REGION 1) (NTSC)",£19.99,35%,£12.99,1,,1,0,0,4-Feb-2009,4. Februar 2009,AC - Accepted and shipped,,TRAEF,LTN1,Unconfirmed,1-Feb-2009,1-Feb-2009,2-Feb-2009,No,Prepaid,Consignment,,
R7995180,0883629689777,,VPGDVD238,B001PF74DU,Vista Point  MUMBAI - India - Formerly Known as Bombay (REGION 1) (NTSC),£19.99,35%,£12.99,1,,1,0,0,4-Feb-2009,4. Februar 2009,AC - Accepted and shipped,,TRAEF,LTN1,Unconfirmed,1-Feb-2009,1-Feb-2009,2-Feb-2009,No,Prepaid,Consignment,,
R7995180,0883629689784,,VPGDVD239,B001PF74E4,Vista Point  JEJU ISLAND - South Korea (REGION 1) (NTSC),£19.99,35%,£12.99,1,,1,0,0,4-Feb-2009,4. Februar 2009,AC - Accepted and shipped,,TRAEF,LTN1,Unconfirmed,1-Feb-2009,1-Feb-2009,2-Feb-2009,No,Prepaid,Consignment,,
